-- phpMyAdmin SQL Dump
-- version 5.2.1
-- https://www.phpmyadmin.net/
--
-- Host: 127.0.0.1
-- Generation Time: Aug 20, 2024 at 07:03 AM
-- Server version: 10.4.32-MariaDB
-- PHP Version: 8.2.12

SET SQL_MODE = "NO_AUTO_VALUE_ON_ZERO";
START TRANSACTION;
SET time_zone = "+00:00";


/*!40101 SET @OLD_CHARACTER_SET_CLIENT=@@CHARACTER_SET_CLIENT */;
/*!40101 SET @OLD_CHARACTER_SET_RESULTS=@@CHARACTER_SET_RESULTS */;
/*!40101 SET @OLD_COLLATION_CONNECTION=@@COLLATION_CONNECTION */;
/*!40101 SET NAMES utf8mb4 */;

--
-- Database: `ssudashboard`
--

-- --------------------------------------------------------

--
-- Table structure for table `asset_orders`
--

CREATE TABLE `asset_orders` (
  `id` int(11) NOT NULL,
  `user_id` int(11) NOT NULL,
  `event_id` int(11) NOT NULL,
  `title` varchar(256) NOT NULL,
  `detail` varchar(256) NOT NULL,
  `quantity` varchar(150) DEFAULT NULL,
  `amount` decimal(10,2) DEFAULT NULL,
  `status` tinyint(4) NOT NULL DEFAULT 1,
  `order_status` enum('0','1') NOT NULL COMMENT '0 pending, 1 Approved',
  `created_at` datetime NOT NULL DEFAULT current_timestamp(),
  `updated_at` datetime DEFAULT NULL
) ENGINE=InnoDB DEFAULT CHARSET=utf8mb4 COLLATE=utf8mb4_general_ci;

-- --------------------------------------------------------

--
-- Table structure for table `assign_coupons`
--

CREATE TABLE `assign_coupons` (
  `id` int(11) NOT NULL,
  `user_id` int(11) NOT NULL COMMENT 'seller_id',
  `customer_id` int(11) DEFAULT NULL,
  `customer_name` varchar(200) NOT NULL,
  `phone_number` varchar(12) DEFAULT NULL,
  `coupon_format` tinyint(4) NOT NULL DEFAULT 1 COMMENT '1 for single, 2 for range, 3 for multiple',
  `coupon_number` varchar(255) DEFAULT NULL,
  `coupon_range_from` varchar(255) DEFAULT NULL,
  `coupon_range_to` varchar(255) DEFAULT NULL,
  `coupon_count` varchar(200) DEFAULT NULL,
  `city` varchar(150) DEFAULT NULL,
  `status` tinyint(4) NOT NULL DEFAULT 1,
  `created_at` timestamp NULL DEFAULT NULL,
  `updated_at` timestamp NULL DEFAULT NULL
) ENGINE=InnoDB DEFAULT CHARSET=utf8mb4 COLLATE=utf8mb4_general_ci;

-- --------------------------------------------------------

--
-- Table structure for table `assign_customer_coupons`
--

CREATE TABLE `assign_customer_coupons` (
  `id` int(11) NOT NULL,
  `user_id` int(11) NOT NULL,
  `customer_id` int(11) DEFAULT 0,
  `event_id` int(11) DEFAULT NULL,
  `assign_type` tinyint(4) NOT NULL DEFAULT 1 COMMENT '1 for single, 2 for range, 3 for multiple',
  `coupon_number` varchar(100) DEFAULT NULL,
  `status` int(11) NOT NULL DEFAULT 1,
  `created_at` datetime NOT NULL DEFAULT current_timestamp(),
  `updated_at` datetime DEFAULT NULL
) ENGINE=InnoDB DEFAULT CHARSET=utf8mb4 COLLATE=utf8mb4_general_ci;

--
-- Dumping data for table `assign_customer_coupons`
--

INSERT INTO `assign_customer_coupons` (`id`, `user_id`, `customer_id`, `event_id`, `assign_type`, `coupon_number`, `status`, `created_at`, `updated_at`) VALUES
(1, 139, 141, 1, 1, '1', 1, '2024-08-13 16:02:24', NULL),
(2, 139, 147, 1, 2, '2', 1, '2024-08-13 16:04:12', NULL),
(3, 139, 147, 1, 2, '3', 1, '2024-08-13 16:04:12', NULL),
(4, 139, 147, 1, 2, '4', 1, '2024-08-13 16:04:12', NULL),
(5, 139, 147, 1, 2, '5', 1, '2024-08-13 16:04:12', NULL),
(6, 139, 147, 1, 2, '6', 1, '2024-08-13 16:04:12', NULL),
(7, 139, 147, 1, 2, '7', 1, '2024-08-13 16:04:12', NULL),
(8, 139, 147, 1, 2, '8', 1, '2024-08-13 16:04:12', NULL),
(9, 139, 147, 1, 2, '9', 1, '2024-08-13 16:04:12', NULL),
(10, 139, 147, 1, 2, '10', 1, '2024-08-13 16:04:12', NULL),
(11, 139, 147, 1, 2, '11', 1, '2024-08-13 16:04:12', NULL),
(12, 139, 147, 1, 2, '12', 1, '2024-08-13 16:04:12', NULL),
(13, 139, 147, 1, 2, '13', 1, '2024-08-13 16:04:12', NULL),
(14, 139, 147, 1, 2, '14', 1, '2024-08-13 16:04:12', NULL),
(15, 139, 147, 1, 2, '15', 1, '2024-08-13 16:04:12', NULL),
(16, 139, 147, 1, 2, '16', 1, '2024-08-13 16:04:12', NULL),
(17, 139, 147, 1, 2, '17', 1, '2024-08-13 16:04:12', NULL),
(18, 139, 147, 1, 2, '18', 1, '2024-08-13 16:04:12', NULL),
(19, 139, 147, 1, 2, '19', 1, '2024-08-13 16:04:12', NULL),
(20, 139, 147, 1, 2, '20', 1, '2024-08-13 16:04:12', NULL),
(21, 139, 147, 1, 2, '21', 1, '2024-08-13 16:04:12', NULL),
(22, 139, 147, 1, 2, '22', 1, '2024-08-13 16:04:12', NULL),
(23, 139, 147, 1, 2, '23', 1, '2024-08-13 16:04:12', NULL),
(24, 139, 147, 1, 2, '24', 1, '2024-08-13 16:04:12', NULL),
(25, 139, 147, 1, 2, '25', 1, '2024-08-13 16:04:12', NULL),
(26, 139, 147, 1, 2, '26', 1, '2024-08-13 16:04:12', NULL),
(27, 139, 147, 1, 2, '27', 1, '2024-08-13 16:04:12', NULL),
(28, 139, 147, 1, 2, '28', 1, '2024-08-13 16:04:12', NULL),
(29, 139, 147, 1, 2, '29', 1, '2024-08-13 16:04:12', NULL),
(30, 139, 147, 1, 2, '30', 1, '2024-08-13 16:04:12', NULL),
(31, 139, 147, 1, 2, '31', 1, '2024-08-13 16:04:12', NULL),
(32, 139, 147, 1, 2, '32', 1, '2024-08-13 16:04:12', NULL),
(33, 139, 147, 1, 2, '33', 1, '2024-08-13 16:04:12', NULL),
(34, 139, 147, 1, 2, '34', 1, '2024-08-13 16:04:12', NULL),
(35, 139, 147, 1, 2, '35', 1, '2024-08-13 16:04:12', NULL),
(36, 139, 147, 1, 2, '36', 1, '2024-08-13 16:04:12', NULL),
(37, 139, 147, 1, 2, '37', 1, '2024-08-13 16:04:12', NULL),
(38, 139, 147, 1, 2, '38', 1, '2024-08-13 16:04:12', NULL),
(39, 139, 147, 1, 2, '39', 1, '2024-08-13 16:04:12', NULL),
(40, 139, 147, 1, 2, '40', 1, '2024-08-13 16:04:12', NULL),
(41, 139, 147, 1, 2, '41', 1, '2024-08-13 16:04:12', NULL),
(42, 139, 147, 1, 2, '42', 1, '2024-08-13 16:04:12', NULL),
(43, 139, 147, 1, 2, '43', 1, '2024-08-13 16:04:12', NULL),
(44, 139, 147, 1, 2, '44', 1, '2024-08-13 16:04:12', NULL),
(45, 139, 147, 1, 2, '45', 1, '2024-08-13 16:04:12', NULL),
(46, 139, 147, 1, 2, '46', 1, '2024-08-13 16:04:12', NULL),
(47, 139, 147, 1, 2, '47', 1, '2024-08-13 16:04:12', NULL),
(48, 139, 147, 1, 2, '48', 1, '2024-08-13 16:04:12', NULL),
(49, 139, 147, 1, 2, '49', 1, '2024-08-13 16:04:12', NULL),
(50, 139, 147, 1, 2, '50', 1, '2024-08-13 16:04:12', NULL),
(51, 139, 147, 1, 2, '51', 1, '2024-08-13 16:04:12', NULL),
(52, 139, 147, 1, 2, '52', 1, '2024-08-13 16:04:12', NULL),
(53, 139, 147, 1, 2, '53', 1, '2024-08-13 16:04:12', NULL),
(54, 139, 147, 1, 2, '54', 1, '2024-08-13 16:04:12', NULL),
(55, 139, 147, 1, 2, '55', 1, '2024-08-13 16:04:12', NULL),
(56, 139, 147, 1, 2, '56', 1, '2024-08-13 16:04:12', NULL),
(57, 139, 147, 1, 2, '57', 1, '2024-08-13 16:04:12', NULL),
(58, 139, 147, 1, 2, '58', 1, '2024-08-13 16:04:12', NULL),
(59, 139, 147, 1, 2, '59', 1, '2024-08-13 16:04:12', NULL),
(60, 139, 147, 1, 2, '60', 1, '2024-08-13 16:04:12', NULL),
(61, 139, 147, 1, 2, '61', 1, '2024-08-13 16:04:12', NULL),
(62, 139, 147, 1, 2, '62', 1, '2024-08-13 16:04:12', NULL),
(63, 139, 147, 1, 2, '63', 1, '2024-08-13 16:04:12', NULL),
(64, 139, 147, 1, 2, '64', 1, '2024-08-13 16:04:12', NULL),
(65, 139, 147, 1, 2, '65', 1, '2024-08-13 16:04:12', NULL),
(66, 139, 147, 1, 2, '66', 1, '2024-08-13 16:04:12', NULL),
(67, 139, 147, 1, 2, '67', 1, '2024-08-13 16:04:12', NULL),
(68, 139, 147, 1, 2, '68', 1, '2024-08-13 16:04:12', NULL),
(69, 139, 147, 1, 2, '69', 1, '2024-08-13 16:04:12', NULL),
(70, 139, 147, 1, 2, '70', 1, '2024-08-13 16:04:12', NULL),
(71, 139, 147, 1, 2, '71', 1, '2024-08-13 16:04:12', NULL),
(72, 139, 147, 1, 2, '72', 1, '2024-08-13 16:04:12', NULL),
(73, 139, 147, 1, 2, '73', 1, '2024-08-13 16:04:12', NULL),
(74, 139, 147, 1, 2, '74', 1, '2024-08-13 16:04:12', NULL),
(75, 139, 147, 1, 2, '75', 1, '2024-08-13 16:04:12', NULL),
(76, 139, 147, 1, 2, '76', 1, '2024-08-13 16:04:12', NULL),
(77, 139, 147, 1, 2, '77', 1, '2024-08-13 16:04:12', NULL),
(78, 139, 147, 1, 2, '78', 1, '2024-08-13 16:04:12', NULL),
(79, 139, 147, 1, 2, '79', 1, '2024-08-13 16:04:12', NULL),
(80, 139, 147, 1, 2, '80', 1, '2024-08-13 16:04:12', NULL),
(81, 139, 147, 1, 2, '81', 1, '2024-08-13 16:04:12', NULL),
(82, 139, 147, 1, 2, '82', 1, '2024-08-13 16:04:12', NULL),
(83, 139, 147, 1, 2, '83', 1, '2024-08-13 16:04:12', NULL),
(84, 139, 147, 1, 2, '84', 1, '2024-08-13 16:04:12', NULL),
(85, 139, 147, 1, 2, '85', 1, '2024-08-13 16:04:12', NULL),
(86, 139, 147, 1, 2, '86', 1, '2024-08-13 16:04:12', NULL),
(87, 139, 147, 1, 2, '87', 1, '2024-08-13 16:04:12', NULL),
(88, 139, 147, 1, 2, '88', 1, '2024-08-13 16:04:12', NULL),
(89, 139, 147, 1, 2, '89', 1, '2024-08-13 16:04:12', NULL),
(90, 139, 147, 1, 2, '90', 1, '2024-08-13 16:04:12', NULL),
(91, 139, 147, 1, 2, '91', 1, '2024-08-13 16:04:12', NULL),
(92, 139, 147, 1, 2, '92', 1, '2024-08-13 16:04:12', NULL),
(93, 139, 147, 1, 2, '93', 1, '2024-08-13 16:04:12', NULL),
(94, 139, 147, 1, 2, '94', 1, '2024-08-13 16:04:12', NULL),
(95, 139, 147, 1, 2, '95', 1, '2024-08-13 16:04:12', NULL),
(96, 139, 147, 1, 2, '96', 1, '2024-08-13 16:04:12', NULL),
(97, 139, 147, 1, 2, '97', 1, '2024-08-13 16:04:12', NULL),
(98, 139, 147, 1, 2, '98', 1, '2024-08-13 16:04:12', NULL),
(99, 139, 147, 1, 2, '99', 1, '2024-08-13 16:04:12', NULL),
(100, 139, 147, 1, 2, '100', 1, '2024-08-13 16:04:12', NULL),
(101, 139, 148, 1, 2, '201', 1, '2024-08-13 16:39:25', NULL),
(102, 139, 148, 1, 2, '202', 1, '2024-08-13 16:39:25', NULL),
(103, 139, 148, 1, 2, '203', 1, '2024-08-13 16:39:25', NULL),
(104, 139, 148, 1, 2, '204', 1, '2024-08-13 16:39:25', NULL),
(105, 139, 148, 1, 2, '205', 1, '2024-08-13 16:39:25', NULL),
(106, 139, 148, 1, 2, '206', 1, '2024-08-13 16:39:25', NULL),
(107, 139, 148, 1, 2, '207', 1, '2024-08-13 16:39:25', NULL),
(108, 139, 148, 1, 2, '208', 1, '2024-08-13 16:39:25', NULL),
(109, 139, 148, 1, 2, '209', 1, '2024-08-13 16:39:25', NULL),
(110, 139, 148, 1, 2, '210', 1, '2024-08-13 16:39:25', NULL),
(111, 139, 148, 1, 2, '211', 1, '2024-08-13 16:39:25', NULL),
(112, 139, 148, 1, 2, '212', 1, '2024-08-13 16:39:25', NULL),
(113, 139, 148, 1, 2, '213', 1, '2024-08-13 16:39:25', NULL),
(114, 139, 148, 1, 2, '214', 1, '2024-08-13 16:39:25', NULL),
(115, 139, 148, 1, 2, '215', 1, '2024-08-13 16:39:25', NULL),
(116, 139, 148, 1, 2, '216', 1, '2024-08-13 16:39:25', NULL),
(117, 139, 148, 1, 2, '217', 1, '2024-08-13 16:39:25', NULL),
(118, 139, 148, 1, 2, '218', 1, '2024-08-13 16:39:25', NULL),
(119, 139, 148, 1, 2, '219', 1, '2024-08-13 16:39:25', NULL),
(120, 139, 148, 1, 2, '220', 1, '2024-08-13 16:39:25', NULL),
(121, 139, 148, 1, 2, '221', 1, '2024-08-13 16:39:25', NULL),
(122, 139, 148, 1, 2, '222', 1, '2024-08-13 16:39:25', NULL),
(123, 139, 148, 1, 2, '223', 1, '2024-08-13 16:39:25', NULL),
(124, 139, 148, 1, 2, '224', 1, '2024-08-13 16:39:25', NULL),
(125, 139, 148, 1, 2, '225', 1, '2024-08-13 16:39:25', NULL),
(126, 139, 148, 1, 2, '226', 1, '2024-08-13 16:39:25', NULL),
(127, 139, 148, 1, 2, '227', 1, '2024-08-13 16:39:25', NULL),
(128, 139, 148, 1, 2, '228', 1, '2024-08-13 16:39:25', NULL),
(129, 139, 148, 1, 2, '229', 1, '2024-08-13 16:39:25', NULL),
(130, 139, 148, 1, 2, '230', 1, '2024-08-13 16:39:25', NULL),
(131, 139, 148, 1, 2, '231', 1, '2024-08-13 16:39:25', NULL),
(132, 139, 148, 1, 2, '232', 1, '2024-08-13 16:39:25', NULL),
(133, 139, 148, 1, 2, '233', 1, '2024-08-13 16:39:25', NULL),
(134, 139, 148, 1, 2, '234', 1, '2024-08-13 16:39:25', NULL),
(135, 139, 148, 1, 2, '235', 1, '2024-08-13 16:39:25', NULL),
(136, 139, 148, 1, 2, '236', 1, '2024-08-13 16:39:25', NULL),
(137, 139, 148, 1, 2, '237', 1, '2024-08-13 16:39:25', NULL),
(138, 139, 148, 1, 2, '238', 1, '2024-08-13 16:39:25', NULL),
(139, 139, 148, 1, 2, '239', 1, '2024-08-13 16:39:25', NULL),
(140, 139, 148, 1, 2, '240', 1, '2024-08-13 16:39:25', NULL),
(141, 139, 148, 1, 2, '241', 1, '2024-08-13 16:39:25', NULL),
(142, 139, 148, 1, 2, '242', 1, '2024-08-13 16:39:25', NULL),
(143, 139, 148, 1, 2, '243', 1, '2024-08-13 16:39:25', NULL),
(144, 139, 148, 1, 2, '244', 1, '2024-08-13 16:39:25', NULL),
(145, 139, 148, 1, 2, '245', 1, '2024-08-13 16:39:25', NULL),
(146, 139, 148, 1, 2, '246', 1, '2024-08-13 16:39:25', NULL),
(147, 139, 148, 1, 2, '247', 1, '2024-08-13 16:39:25', NULL),
(148, 139, 148, 1, 2, '248', 1, '2024-08-13 16:39:25', NULL),
(149, 139, 148, 1, 2, '249', 1, '2024-08-13 16:39:25', NULL),
(150, 139, 148, 1, 2, '250', 1, '2024-08-13 16:39:25', NULL),
(151, 139, 148, 1, 2, '251', 1, '2024-08-13 16:39:25', NULL),
(152, 139, 148, 1, 2, '252', 1, '2024-08-13 16:39:25', NULL),
(153, 139, 148, 1, 2, '253', 1, '2024-08-13 16:39:25', NULL),
(154, 139, 148, 1, 2, '254', 1, '2024-08-13 16:39:25', NULL),
(155, 139, 148, 1, 2, '255', 1, '2024-08-13 16:39:25', NULL),
(156, 139, 148, 1, 2, '256', 1, '2024-08-13 16:39:25', NULL),
(157, 139, 148, 1, 2, '257', 1, '2024-08-13 16:39:25', NULL),
(158, 139, 148, 1, 2, '258', 1, '2024-08-13 16:39:25', NULL),
(159, 139, 148, 1, 2, '259', 1, '2024-08-13 16:39:25', NULL),
(160, 139, 148, 1, 2, '260', 1, '2024-08-13 16:39:25', NULL),
(161, 139, 148, 1, 2, '261', 1, '2024-08-13 16:39:25', NULL),
(162, 139, 148, 1, 2, '262', 1, '2024-08-13 16:39:25', NULL),
(163, 139, 148, 1, 2, '263', 1, '2024-08-13 16:39:25', NULL),
(164, 139, 148, 1, 2, '264', 1, '2024-08-13 16:39:25', NULL),
(165, 139, 148, 1, 2, '265', 1, '2024-08-13 16:39:25', NULL),
(166, 139, 148, 1, 2, '266', 1, '2024-08-13 16:39:25', NULL),
(167, 139, 148, 1, 2, '267', 1, '2024-08-13 16:39:25', NULL),
(168, 139, 148, 1, 2, '268', 1, '2024-08-13 16:39:25', NULL),
(169, 139, 148, 1, 2, '269', 1, '2024-08-13 16:39:25', NULL),
(170, 139, 148, 1, 2, '270', 1, '2024-08-13 16:39:25', NULL),
(171, 139, 148, 1, 2, '271', 1, '2024-08-13 16:39:25', NULL),
(172, 139, 148, 1, 2, '272', 1, '2024-08-13 16:39:25', NULL),
(173, 139, 148, 1, 2, '273', 1, '2024-08-13 16:39:25', NULL),
(174, 139, 148, 1, 2, '274', 1, '2024-08-13 16:39:25', NULL),
(175, 139, 148, 1, 2, '275', 1, '2024-08-13 16:39:25', NULL),
(176, 139, 148, 1, 2, '276', 1, '2024-08-13 16:39:25', NULL),
(177, 139, 148, 1, 2, '277', 1, '2024-08-13 16:39:25', NULL),
(178, 139, 148, 1, 2, '278', 1, '2024-08-13 16:39:25', NULL),
(179, 139, 148, 1, 2, '279', 1, '2024-08-13 16:39:25', NULL),
(180, 139, 148, 1, 2, '280', 1, '2024-08-13 16:39:25', NULL),
(181, 139, 148, 1, 2, '281', 1, '2024-08-13 16:39:25', NULL),
(182, 139, 148, 1, 2, '282', 1, '2024-08-13 16:39:25', NULL),
(183, 139, 148, 1, 2, '283', 1, '2024-08-13 16:39:25', NULL),
(184, 139, 148, 1, 2, '284', 1, '2024-08-13 16:39:25', NULL),
(185, 139, 148, 1, 2, '285', 1, '2024-08-13 16:39:25', NULL),
(186, 139, 148, 1, 2, '286', 1, '2024-08-13 16:39:25', NULL),
(187, 139, 148, 1, 2, '287', 1, '2024-08-13 16:39:25', NULL),
(188, 139, 148, 1, 2, '288', 1, '2024-08-13 16:39:25', NULL),
(189, 139, 148, 1, 2, '289', 1, '2024-08-13 16:39:25', NULL),
(190, 139, 148, 1, 2, '290', 1, '2024-08-13 16:39:25', NULL),
(191, 139, 148, 1, 2, '291', 1, '2024-08-13 16:39:25', NULL),
(192, 139, 148, 1, 2, '292', 1, '2024-08-13 16:39:25', NULL),
(193, 139, 148, 1, 2, '293', 1, '2024-08-13 16:39:25', NULL),
(194, 139, 148, 1, 2, '294', 1, '2024-08-13 16:39:25', NULL),
(195, 139, 148, 1, 2, '295', 1, '2024-08-13 16:39:25', NULL),
(196, 139, 148, 1, 2, '296', 1, '2024-08-13 16:39:25', NULL),
(197, 139, 148, 1, 2, '297', 1, '2024-08-13 16:39:25', NULL),
(198, 139, 148, 1, 2, '298', 1, '2024-08-13 16:39:25', NULL),
(199, 139, 148, 1, 2, '299', 1, '2024-08-13 16:39:25', NULL),
(200, 139, 148, 1, 2, '300', 1, '2024-08-13 16:39:25', NULL),
(201, 139, 148, 1, 2, '301', 1, '2024-08-13 16:39:25', NULL),
(202, 139, 148, 1, 2, '302', 1, '2024-08-13 16:39:25', NULL),
(203, 139, 148, 1, 2, '303', 1, '2024-08-13 16:39:25', NULL),
(204, 139, 148, 1, 2, '304', 1, '2024-08-13 16:39:25', NULL),
(205, 139, 148, 1, 2, '305', 1, '2024-08-13 16:39:25', NULL),
(206, 139, 148, 1, 2, '306', 1, '2024-08-13 16:39:25', NULL),
(207, 139, 148, 1, 2, '307', 1, '2024-08-13 16:39:25', NULL),
(208, 139, 148, 1, 2, '308', 1, '2024-08-13 16:39:25', NULL),
(209, 139, 148, 1, 2, '309', 1, '2024-08-13 16:39:25', NULL),
(210, 139, 148, 1, 2, '310', 1, '2024-08-13 16:39:25', NULL),
(211, 139, 148, 1, 2, '311', 1, '2024-08-13 16:39:25', NULL),
(212, 139, 148, 1, 2, '312', 1, '2024-08-13 16:39:25', NULL),
(213, 139, 148, 1, 2, '313', 1, '2024-08-13 16:39:25', NULL),
(214, 139, 148, 1, 2, '314', 1, '2024-08-13 16:39:25', NULL),
(215, 139, 148, 1, 2, '315', 1, '2024-08-13 16:39:25', NULL),
(216, 139, 148, 1, 2, '316', 1, '2024-08-13 16:39:25', NULL),
(217, 139, 148, 1, 2, '317', 1, '2024-08-13 16:39:25', NULL),
(218, 139, 148, 1, 2, '318', 1, '2024-08-13 16:39:25', NULL),
(219, 139, 148, 1, 2, '319', 1, '2024-08-13 16:39:25', NULL),
(220, 139, 148, 1, 2, '320', 1, '2024-08-13 16:39:25', NULL),
(221, 139, 148, 1, 2, '321', 1, '2024-08-13 16:39:25', NULL),
(222, 139, 148, 1, 2, '322', 1, '2024-08-13 16:39:25', NULL),
(223, 139, 148, 1, 2, '323', 1, '2024-08-13 16:39:25', NULL),
(224, 139, 148, 1, 2, '324', 1, '2024-08-13 16:39:25', NULL),
(225, 139, 148, 1, 2, '325', 1, '2024-08-13 16:39:25', NULL),
(226, 139, 148, 1, 2, '326', 1, '2024-08-13 16:39:25', NULL),
(227, 139, 148, 1, 2, '327', 1, '2024-08-13 16:39:25', NULL),
(228, 139, 148, 1, 2, '328', 1, '2024-08-13 16:39:25', NULL),
(229, 139, 148, 1, 2, '329', 1, '2024-08-13 16:39:25', NULL),
(230, 139, 148, 1, 2, '330', 1, '2024-08-13 16:39:25', NULL),
(231, 139, 148, 1, 2, '331', 1, '2024-08-13 16:39:25', NULL),
(232, 139, 148, 1, 2, '332', 1, '2024-08-13 16:39:25', NULL),
(233, 139, 148, 1, 2, '333', 1, '2024-08-13 16:39:25', NULL),
(234, 139, 148, 1, 2, '334', 1, '2024-08-13 16:39:25', NULL),
(235, 139, 148, 1, 2, '335', 1, '2024-08-13 16:39:25', NULL),
(236, 139, 148, 1, 2, '336', 1, '2024-08-13 16:39:25', NULL),
(237, 139, 148, 1, 2, '337', 1, '2024-08-13 16:39:25', NULL),
(238, 139, 148, 1, 2, '338', 1, '2024-08-13 16:39:25', NULL),
(239, 139, 148, 1, 2, '339', 1, '2024-08-13 16:39:25', NULL),
(240, 139, 148, 1, 2, '340', 1, '2024-08-13 16:39:25', NULL),
(241, 139, 148, 1, 2, '341', 1, '2024-08-13 16:39:25', NULL),
(242, 139, 148, 1, 2, '342', 1, '2024-08-13 16:39:25', NULL),
(243, 139, 148, 1, 2, '343', 1, '2024-08-13 16:39:25', NULL),
(244, 139, 148, 1, 2, '344', 1, '2024-08-13 16:39:25', NULL),
(245, 139, 148, 1, 2, '345', 1, '2024-08-13 16:39:25', NULL),
(246, 139, 148, 1, 2, '346', 1, '2024-08-13 16:39:25', NULL),
(247, 139, 148, 1, 2, '347', 1, '2024-08-13 16:39:25', NULL),
(248, 139, 148, 1, 2, '348', 1, '2024-08-13 16:39:25', NULL),
(249, 139, 148, 1, 2, '349', 1, '2024-08-13 16:39:25', NULL),
(250, 139, 148, 1, 2, '350', 1, '2024-08-13 16:39:25', NULL),
(251, 139, 148, 1, 2, '351', 1, '2024-08-13 16:39:25', NULL),
(252, 139, 148, 1, 2, '352', 1, '2024-08-13 16:39:25', NULL),
(253, 139, 148, 1, 2, '353', 1, '2024-08-13 16:39:25', NULL),
(254, 139, 148, 1, 2, '354', 1, '2024-08-13 16:39:25', NULL),
(255, 139, 148, 1, 2, '355', 1, '2024-08-13 16:39:25', NULL),
(256, 139, 148, 1, 2, '356', 1, '2024-08-13 16:39:25', NULL),
(257, 139, 148, 1, 2, '357', 1, '2024-08-13 16:39:25', NULL),
(258, 139, 148, 1, 2, '358', 1, '2024-08-13 16:39:25', NULL),
(259, 139, 148, 1, 2, '359', 1, '2024-08-13 16:39:25', NULL),
(260, 139, 148, 1, 2, '360', 1, '2024-08-13 16:39:25', NULL),
(261, 139, 148, 1, 2, '361', 1, '2024-08-13 16:39:25', NULL),
(262, 139, 148, 1, 2, '362', 1, '2024-08-13 16:39:25', NULL),
(263, 139, 148, 1, 2, '363', 1, '2024-08-13 16:39:25', NULL),
(264, 139, 148, 1, 2, '364', 1, '2024-08-13 16:39:25', NULL),
(265, 139, 148, 1, 2, '365', 1, '2024-08-13 16:39:25', NULL),
(266, 139, 148, 1, 2, '366', 1, '2024-08-13 16:39:25', NULL),
(267, 139, 148, 1, 2, '367', 1, '2024-08-13 16:39:25', NULL),
(268, 139, 148, 1, 2, '368', 1, '2024-08-13 16:39:25', NULL),
(269, 139, 148, 1, 2, '369', 1, '2024-08-13 16:39:25', NULL),
(270, 139, 148, 1, 2, '370', 1, '2024-08-13 16:39:25', NULL),
(271, 139, 148, 1, 2, '371', 1, '2024-08-13 16:39:25', NULL),
(272, 139, 148, 1, 2, '372', 1, '2024-08-13 16:39:25', NULL),
(273, 139, 148, 1, 2, '373', 1, '2024-08-13 16:39:25', NULL),
(274, 139, 148, 1, 2, '374', 1, '2024-08-13 16:39:25', NULL),
(275, 139, 148, 1, 2, '375', 1, '2024-08-13 16:39:25', NULL),
(276, 139, 148, 1, 2, '376', 1, '2024-08-13 16:39:25', NULL),
(277, 139, 148, 1, 2, '377', 1, '2024-08-13 16:39:25', NULL),
(278, 139, 148, 1, 2, '378', 1, '2024-08-13 16:39:25', NULL),
(279, 139, 148, 1, 2, '379', 1, '2024-08-13 16:39:25', NULL),
(280, 139, 148, 1, 2, '380', 1, '2024-08-13 16:39:25', NULL),
(281, 139, 148, 1, 2, '381', 1, '2024-08-13 16:39:25', NULL),
(282, 139, 148, 1, 2, '382', 1, '2024-08-13 16:39:25', NULL),
(283, 139, 148, 1, 2, '383', 1, '2024-08-13 16:39:25', NULL),
(284, 139, 148, 1, 2, '384', 1, '2024-08-13 16:39:25', NULL),
(285, 139, 148, 1, 2, '385', 1, '2024-08-13 16:39:25', NULL),
(286, 139, 148, 1, 2, '386', 1, '2024-08-13 16:39:25', NULL),
(287, 139, 148, 1, 2, '387', 1, '2024-08-13 16:39:25', NULL),
(288, 139, 148, 1, 2, '388', 1, '2024-08-13 16:39:25', NULL),
(289, 139, 148, 1, 2, '389', 1, '2024-08-13 16:39:25', NULL),
(290, 139, 148, 1, 2, '390', 1, '2024-08-13 16:39:25', NULL),
(291, 139, 148, 1, 2, '391', 1, '2024-08-13 16:39:25', NULL),
(292, 139, 148, 1, 2, '392', 1, '2024-08-13 16:39:25', NULL),
(293, 139, 148, 1, 2, '393', 1, '2024-08-13 16:39:25', NULL),
(294, 139, 148, 1, 2, '394', 1, '2024-08-13 16:39:25', NULL),
(295, 139, 148, 1, 2, '395', 1, '2024-08-13 16:39:25', NULL),
(296, 139, 148, 1, 2, '396', 1, '2024-08-13 16:39:25', NULL),
(297, 139, 148, 1, 2, '397', 1, '2024-08-13 16:39:25', NULL),
(298, 139, 148, 1, 2, '398', 1, '2024-08-13 16:39:25', NULL),
(299, 139, 148, 1, 2, '399', 1, '2024-08-13 16:39:25', NULL),
(300, 139, 148, 1, 2, '400', 1, '2024-08-13 16:39:25', NULL),
(301, 139, 148, 1, 2, '401', 1, '2024-08-13 16:39:25', NULL),
(302, 139, 148, 1, 2, '402', 1, '2024-08-13 16:39:25', NULL),
(303, 139, 148, 1, 2, '403', 1, '2024-08-13 16:39:25', NULL),
(304, 139, 148, 1, 2, '404', 1, '2024-08-13 16:39:25', NULL),
(305, 139, 148, 1, 2, '405', 1, '2024-08-13 16:39:25', NULL),
(306, 139, 148, 1, 2, '406', 1, '2024-08-13 16:39:25', NULL),
(307, 139, 148, 1, 2, '407', 1, '2024-08-13 16:39:25', NULL),
(308, 139, 148, 1, 2, '408', 1, '2024-08-13 16:39:25', NULL),
(309, 139, 148, 1, 2, '409', 1, '2024-08-13 16:39:25', NULL),
(310, 139, 148, 1, 2, '410', 1, '2024-08-13 16:39:25', NULL),
(311, 139, 148, 1, 2, '411', 1, '2024-08-13 16:39:25', NULL),
(312, 139, 148, 1, 2, '412', 1, '2024-08-13 16:39:25', NULL),
(313, 139, 148, 1, 2, '413', 1, '2024-08-13 16:39:25', NULL),
(314, 139, 148, 1, 2, '414', 1, '2024-08-13 16:39:25', NULL),
(315, 139, 148, 1, 2, '415', 1, '2024-08-13 16:39:25', NULL),
(316, 139, 148, 1, 2, '416', 1, '2024-08-13 16:39:25', NULL),
(317, 139, 148, 1, 2, '417', 1, '2024-08-13 16:39:25', NULL),
(318, 139, 148, 1, 2, '418', 1, '2024-08-13 16:39:25', NULL),
(319, 139, 148, 1, 2, '419', 1, '2024-08-13 16:39:25', NULL),
(320, 139, 148, 1, 2, '420', 1, '2024-08-13 16:39:25', NULL),
(321, 139, 148, 1, 2, '421', 1, '2024-08-13 16:39:25', NULL),
(322, 139, 148, 1, 2, '422', 1, '2024-08-13 16:39:25', NULL),
(323, 139, 148, 1, 2, '423', 1, '2024-08-13 16:39:25', NULL),
(324, 139, 148, 1, 2, '424', 1, '2024-08-13 16:39:25', NULL),
(325, 139, 148, 1, 2, '425', 1, '2024-08-13 16:39:25', NULL),
(326, 139, 148, 1, 2, '426', 1, '2024-08-13 16:39:25', NULL),
(327, 139, 148, 1, 2, '427', 1, '2024-08-13 16:39:25', NULL),
(328, 139, 148, 1, 2, '428', 1, '2024-08-13 16:39:25', NULL),
(329, 139, 148, 1, 2, '429', 1, '2024-08-13 16:39:25', NULL),
(330, 139, 148, 1, 2, '430', 1, '2024-08-13 16:39:25', NULL),
(331, 139, 148, 1, 2, '431', 1, '2024-08-13 16:39:25', NULL),
(332, 139, 148, 1, 2, '432', 1, '2024-08-13 16:39:25', NULL),
(333, 139, 148, 1, 2, '433', 1, '2024-08-13 16:39:25', NULL),
(334, 139, 148, 1, 2, '434', 1, '2024-08-13 16:39:25', NULL),
(335, 139, 148, 1, 2, '435', 1, '2024-08-13 16:39:25', NULL),
(336, 139, 148, 1, 2, '436', 1, '2024-08-13 16:39:25', NULL),
(337, 139, 148, 1, 2, '437', 1, '2024-08-13 16:39:25', NULL),
(338, 139, 148, 1, 2, '438', 1, '2024-08-13 16:39:25', NULL),
(339, 139, 148, 1, 2, '439', 1, '2024-08-13 16:39:25', NULL),
(340, 139, 148, 1, 2, '440', 1, '2024-08-13 16:39:25', NULL),
(341, 139, 148, 1, 2, '441', 1, '2024-08-13 16:39:25', NULL),
(342, 139, 148, 1, 2, '442', 1, '2024-08-13 16:39:25', NULL),
(343, 139, 148, 1, 2, '443', 1, '2024-08-13 16:39:25', NULL),
(344, 139, 148, 1, 2, '444', 1, '2024-08-13 16:39:25', NULL),
(345, 139, 148, 1, 2, '445', 1, '2024-08-13 16:39:25', NULL),
(346, 139, 148, 1, 2, '446', 1, '2024-08-13 16:39:25', NULL),
(347, 139, 148, 1, 2, '447', 1, '2024-08-13 16:39:25', NULL),
(348, 139, 148, 1, 2, '448', 1, '2024-08-13 16:39:25', NULL),
(349, 139, 148, 1, 2, '449', 1, '2024-08-13 16:39:25', NULL),
(350, 139, 148, 1, 2, '450', 1, '2024-08-13 16:39:25', NULL),
(351, 139, 148, 1, 2, '451', 1, '2024-08-13 16:39:25', NULL),
(352, 139, 148, 1, 2, '452', 1, '2024-08-13 16:39:25', NULL),
(353, 139, 148, 1, 2, '453', 1, '2024-08-13 16:39:25', NULL),
(354, 139, 148, 1, 2, '454', 1, '2024-08-13 16:39:25', NULL),
(355, 139, 148, 1, 2, '455', 1, '2024-08-13 16:39:25', NULL),
(356, 139, 148, 1, 2, '456', 1, '2024-08-13 16:39:25', NULL),
(357, 139, 148, 1, 2, '457', 1, '2024-08-13 16:39:25', NULL),
(358, 139, 148, 1, 2, '458', 1, '2024-08-13 16:39:25', NULL),
(359, 139, 148, 1, 2, '459', 1, '2024-08-13 16:39:25', NULL),
(360, 139, 148, 1, 2, '460', 1, '2024-08-13 16:39:25', NULL),
(361, 139, 148, 1, 2, '461', 1, '2024-08-13 16:39:25', NULL),
(362, 139, 148, 1, 2, '462', 1, '2024-08-13 16:39:25', NULL),
(363, 139, 148, 1, 2, '463', 1, '2024-08-13 16:39:25', NULL),
(364, 139, 148, 1, 2, '464', 1, '2024-08-13 16:39:25', NULL),
(365, 139, 148, 1, 2, '465', 1, '2024-08-13 16:39:25', NULL),
(366, 139, 148, 1, 2, '466', 1, '2024-08-13 16:39:25', NULL),
(367, 139, 148, 1, 2, '467', 1, '2024-08-13 16:39:25', NULL),
(368, 139, 148, 1, 2, '468', 1, '2024-08-13 16:39:25', NULL),
(369, 139, 148, 1, 2, '469', 1, '2024-08-13 16:39:25', NULL),
(370, 139, 148, 1, 2, '470', 1, '2024-08-13 16:39:25', NULL),
(371, 139, 148, 1, 2, '471', 1, '2024-08-13 16:39:25', NULL),
(372, 139, 148, 1, 2, '472', 1, '2024-08-13 16:39:25', NULL),
(373, 139, 148, 1, 2, '473', 1, '2024-08-13 16:39:25', NULL),
(374, 139, 148, 1, 2, '474', 1, '2024-08-13 16:39:25', NULL),
(375, 139, 148, 1, 2, '475', 1, '2024-08-13 16:39:25', NULL),
(376, 139, 148, 1, 2, '476', 1, '2024-08-13 16:39:25', NULL),
(377, 139, 148, 1, 2, '477', 1, '2024-08-13 16:39:25', NULL),
(378, 139, 148, 1, 2, '478', 1, '2024-08-13 16:39:25', NULL),
(379, 139, 148, 1, 2, '479', 1, '2024-08-13 16:39:25', NULL),
(380, 139, 148, 1, 2, '480', 1, '2024-08-13 16:39:25', NULL),
(381, 139, 148, 1, 2, '481', 1, '2024-08-13 16:39:25', NULL),
(382, 139, 148, 1, 2, '482', 1, '2024-08-13 16:39:25', NULL),
(383, 139, 148, 1, 2, '483', 1, '2024-08-13 16:39:25', NULL),
(384, 139, 148, 1, 2, '484', 1, '2024-08-13 16:39:25', NULL),
(385, 139, 148, 1, 2, '485', 1, '2024-08-13 16:39:25', NULL),
(386, 139, 148, 1, 2, '486', 1, '2024-08-13 16:39:25', NULL),
(387, 139, 148, 1, 2, '487', 1, '2024-08-13 16:39:25', NULL),
(388, 139, 148, 1, 2, '488', 1, '2024-08-13 16:39:25', NULL),
(389, 139, 148, 1, 2, '489', 1, '2024-08-13 16:39:25', NULL),
(390, 139, 148, 1, 2, '490', 1, '2024-08-13 16:39:25', NULL),
(391, 139, 148, 1, 2, '491', 1, '2024-08-13 16:39:25', NULL),
(392, 139, 148, 1, 2, '492', 1, '2024-08-13 16:39:25', NULL),
(393, 139, 148, 1, 2, '493', 1, '2024-08-13 16:39:25', NULL),
(394, 139, 148, 1, 2, '494', 1, '2024-08-13 16:39:25', NULL),
(395, 139, 148, 1, 2, '495', 1, '2024-08-13 16:39:25', NULL),
(396, 139, 148, 1, 2, '496', 1, '2024-08-13 16:39:25', NULL),
(397, 139, 148, 1, 2, '497', 1, '2024-08-13 16:39:25', NULL),
(398, 139, 148, 1, 2, '498', 1, '2024-08-13 16:39:25', NULL),
(399, 139, 148, 1, 2, '499', 1, '2024-08-13 16:39:25', NULL),
(400, 139, 148, 1, 2, '500', 1, '2024-08-13 16:39:25', NULL),
(401, 139, 151, 1, 1, '501', 1, '2024-08-13 17:11:19', NULL),
(402, 139, 152, 1, 2, '601', 1, '2024-08-13 17:19:06', NULL),
(403, 139, 152, 1, 2, '602', 1, '2024-08-13 17:19:06', NULL);

-- --------------------------------------------------------

--
-- Table structure for table `banners`
--

CREATE TABLE `banners` (
  `id` int(11) NOT NULL,
  `banner_name` varchar(150) NOT NULL,
  `image` varchar(200) DEFAULT NULL,
  `status` tinyint(4) NOT NULL DEFAULT 1,
  `banner_type` tinyint(4) NOT NULL DEFAULT 2 COMMENT '1 for desktop, 2 for mobile',
  `created_at` timestamp NULL DEFAULT NULL,
  `updated_at` timestamp NULL DEFAULT NULL
) ENGINE=InnoDB DEFAULT CHARSET=utf8mb4 COLLATE=utf8mb4_general_ci;

--
-- Dumping data for table `banners`
--

INSERT INTO `banners` (`id`, `banner_name`, `image`, `status`, `banner_type`, `created_at`, `updated_at`) VALUES
(1, 'Qui officia numquam et sit.', '20240719182145.jpg', 0, 2, NULL, '2024-08-07 06:26:30'),
(2, 'Maiores eos consequatur asperiores occaecati nam quisquam quo minima.', '20240804130810.png', 0, 2, NULL, '2024-08-08 07:48:03'),
(3, 'Sed qui at facilis aperiam.', '20240804130821.png', 0, 2, NULL, '2024-08-06 22:59:34'),
(4, 'Sunt ea dolor vero itaque reprehenderit nesciunt.', '20240804130836.png', 0, 2, NULL, '2024-08-08 07:47:53'),
(5, 'Quisquam qui consequuntur explicabo sed sint in.', NULL, 0, 2, NULL, '2024-08-06 03:25:07'),
(6, 'Omnis recusandae animi provident nulla.', '20240804130850.png', 0, 2, NULL, '2024-08-08 07:47:58'),
(7, 'Temporibus voluptas ut voluptas tempore.', '20240806083728.png', 0, 2, NULL, '2024-08-08 07:47:45'),
(8, 'Id natus accusamus sequi pariatur quos numquam ut.', NULL, 0, 2, NULL, '2024-08-06 03:09:28'),
(9, 'Corrupti odio inventore velit.', NULL, 0, 2, NULL, '2024-08-06 03:17:55'),
(10, 'Eum atque saepe rerum optio quisquam iste.', NULL, 0, 2, NULL, '2024-08-06 03:18:19'),
(11, 'Eum aut placeat nostrum autem maiores illum.', NULL, 0, 2, NULL, '2024-08-06 03:18:29'),
(201, 'Test Banner Name', '20240806063435.jpg', 0, 2, '2024-08-06 00:22:35', '2024-08-06 22:59:40'),
(202, 'test img', '20240806063748.jpg', 0, 2, '2024-08-06 01:04:56', '2024-08-06 03:07:47'),
(203, 'Banner', '20240806073920.png', 0, 3, '2024-08-06 02:09:20', '2024-08-08 07:49:22'),
(204, 'Test Banners', '20240807060809.png', 0, 3, '2024-08-07 00:38:09', '2024-08-08 07:45:30'),
(205, 'Image banner upload', '20240807060837.jpg', 0, 2, '2024-08-07 00:38:37', '2024-08-08 07:45:40'),
(206, 'Banner image check', '20240807061433.jpg', 0, 1, '2024-08-07 00:39:02', '2024-08-08 05:55:54'),
(207, 'Test Banner Name for Edit Update', '20240808061041.png', 0, 3, '2024-08-08 00:40:41', '2024-08-08 01:17:39'),
(208, 'Test Banner Name', '20240808112547.jpg', 0, 3, '2024-08-08 05:55:47', '2024-08-08 07:48:12'),
(209, 'Dashboard Banner', '20240808131729.png', 0, 2, '2024-08-08 07:47:29', '2024-08-13 06:45:27'),
(210, 'Dashboard Banner', '20240813094622.png', 1, 2, '2024-08-08 07:49:16', '2024-08-13 06:34:16');

-- --------------------------------------------------------

--
-- Table structure for table `bills`
--

CREATE TABLE `bills` (
  `id` int(11) NOT NULL,
  `user_id` int(11) NOT NULL,
  `event_id` int(11) NOT NULL,
  `title` varchar(255) NOT NULL,
  `amount` decimal(10,2) NOT NULL,
  `detail` text NOT NULL,
  `file` varchar(255) NOT NULL,
  `receipt` varchar(250) DEFAULT NULL,
  `bill_status` enum('0','1','2','3') NOT NULL DEFAULT '0' COMMENT '0 pending, 1 approved, 2 for declined, 3 complete',
  `status` tinyint(4) NOT NULL DEFAULT 1,
  `reasons` text DEFAULT NULL,
  `created_at` datetime NOT NULL DEFAULT current_timestamp(),
  `updated_at` datetime DEFAULT NULL
) ENGINE=InnoDB DEFAULT CHARSET=utf8mb4 COLLATE=utf8mb4_general_ci;

--
-- Dumping data for table `bills`
--

INSERT INTO `bills` (`id`, `user_id`, `event_id`, `title`, `amount`, `detail`, `file`, `receipt`, `bill_status`, `status`, `reasons`, `created_at`, `updated_at`) VALUES
(1, 7, 1, 'Bill one', 500.00, 'Kasu Nahi', '20240806121543.png', '20240807091552.png', '3', 1, NULL, '2024-08-06 16:16:42', '2024-08-07 09:16:05'),
(3, 7, 1, 'Bill 1', 4500.00, 'Sample', '20240806121543.png', NULL, '0', 1, NULL, '2024-08-06 12:15:43', '2024-08-06 12:15:43'),
(4, 7, 1, 'Bill 2', 450.00, 'Sample 3', '20240806124707.jpg', '20240807091603.png', '1', 1, NULL, '2024-08-06 12:47:07', '2024-08-07 09:16:03'),
(5, 7, 1, 'Demo Bill', 14000.00, 'Deko bill just to check whether api is working fine or not', '20240806125027.jpg', '20240808044200.png', '3', 1, NULL, '2024-08-06 12:50:27', '2024-08-08 04:42:07'),
(6, 7, 1, 'Bill 1', 4500.00, 'Sample', '20240806125715.png', NULL, '0', 1, NULL, '2024-08-06 12:57:15', '2024-08-06 12:57:15'),
(7, 7, 1, 'Android Demo Bill', 5800.00, 'Demo bill is uploaded from an Android Device for testing purpose and nothing else', '20240806125932.jpg', NULL, '0', 1, NULL, '2024-08-06 12:59:32', '2024-08-06 12:59:32'),
(8, 7, 1, 'gate', 1212.00, 'Deatil', '20240806125957.png', NULL, '0', 1, NULL, '2024-08-06 12:59:57', '2024-08-07 06:52:03'),
(9, 86, 1, 'gate pass', 1200.00, 'Pass', '20240807085411.png', '20240807091717.jpg', '1', 1, NULL, '2024-08-07 08:54:11', '2024-08-07 09:17:17'),
(10, 0, 0, '', 0.00, '', '', '20240807091342.png', '0', 1, NULL, '2024-08-07 09:13:42', '2024-08-07 09:13:42'),
(11, 0, 0, '', 0.00, '', '', '20240807091354.png', '0', 1, NULL, '2024-08-07 09:13:54', '2024-08-07 09:13:54'),
(12, 86, 1, 'door pass', 500.00, 'Pass', '20240807091818.png', NULL, '0', 1, NULL, '2024-08-07 09:18:18', '2024-08-07 09:18:18'),
(13, 86, 1, '558', 565555.00, 'Testt', '20240807101309.png', NULL, '0', 1, NULL, '2024-08-07 10:13:09', '2024-08-07 10:13:09'),
(14, 86, 1, '555', 333.00, 'Fhh', '20240807101359.png', '20240807101455.jpg', '1', 1, NULL, '2024-08-07 10:13:59', '2024-08-07 10:14:55'),
(15, 87, 1, 'Demo', 81848.00, 'demo', '20240807104100.jpg', NULL, '0', 1, NULL, '2024-08-07 10:41:00', '2024-08-07 10:41:00'),
(16, 7, 1, 'SSU Bills', 4500.00, 'This bill is for Advertized Bill', '20240807110532.jpg', NULL, '2', 1, 'Bill Wrong', '2024-08-07 11:05:32', '2024-08-07 11:06:03'),
(17, 7, 1, 'My SSU Bill', 2500.00, 'Test the Bill Details', '20240807112723.png', NULL, '2', 1, 'Bill Wrong', '2024-08-07 11:27:23', '2024-08-07 11:29:33'),
(18, 7, 1, 'SSU Advertise billl', 2500.00, 'please find my below bill details\nBanner payment - 2500\nOther Charges - 3400', '20240807113833.jpg', NULL, '0', 1, NULL, '2024-08-07 11:38:33', '2024-08-07 11:38:33'),
(19, 7, 1, 'Tisha', 222.00, 'this is tisha', '20240807114012.jpg', NULL, '0', 1, NULL, '2024-08-07 11:40:12', '2024-08-07 11:40:12'),
(20, 7, 1, 'test title', 258888.00, 'test img\nghhjjj\niiii', '20240807121124.jpg', NULL, '0', 1, NULL, '2024-08-07 12:11:24', '2024-08-07 12:11:24'),
(21, 7, 1, 'SSU 2024 Bills for Sangeeta Jewellers', 4800.00, 'Please find the bill details \n1) Banner Of SSU bill\n2) Other Advertisement bill\n3) Other miscellaneous items bill\n4) Test the other bills\n5) Check the other bills\n6) Check first bills\n7) Check number 5 bill', '20240808055444.jpg', NULL, '2', 1, 'Bill Wrong', '2024-08-08 05:54:44', '2024-08-12 09:27:00'),
(26, 125, 1, 'Test Rewards', 5000.00, 'T-Shirt\nBatch', '20240813085730.jpg', '20240813090259.png', '1', 1, NULL, '2024-08-13 08:57:30', '2024-08-13 09:02:59'),
(27, 125, 1, 'Additional bill', 5000.00, 'Bill', '20240813091055.jpg', '20240813091129.png', '1', 1, NULL, '2024-08-13 09:10:55', '2024-08-13 09:11:29'),
(28, 139, 1, 'test bills', 5000.00, 'test', '20240813101220.jpg', '20240813101243.png', '1', 1, NULL, '2024-08-13 10:12:20', '2024-08-13 10:12:43'),
(29, 139, 1, 'second test', 10000.00, 'test', '20240813104021.jpg', '20240813104040.png', '1', 1, NULL, '2024-08-13 10:40:21', '2024-08-13 10:40:40'),
(30, 139, 1, 'Another Bill', 5000.00, 'Test Description', '20240813104205.jpg', '20240813104251.jpg', '1', 1, NULL, '2024-08-13 10:42:05', '2024-08-13 10:42:51');

-- --------------------------------------------------------

--
-- Table structure for table `chatmessages`
--

CREATE TABLE `chatmessages` (
  `id` int(11) NOT NULL,
  `sender_id` int(11) NOT NULL,
  `user_id` int(11) NOT NULL,
  `receiver_id` int(11) NOT NULL,
  `chat_id` tinyint(4) DEFAULT NULL,
  `message` varchar(255) NOT NULL,
  `status` tinyint(4) NOT NULL DEFAULT 1,
  `created_at` datetime NOT NULL DEFAULT current_timestamp(),
  `updated_at` datetime DEFAULT NULL
) ENGINE=InnoDB DEFAULT CHARSET=utf8mb4 COLLATE=utf8mb4_general_ci;

--
-- Dumping data for table `chatmessages`
--

INSERT INTO `chatmessages` (`id`, `sender_id`, `user_id`, `receiver_id`, `chat_id`, `message`, `status`, `created_at`, `updated_at`) VALUES
(19, 7, 7, 139, 14, 'Hi1', 1, '2024-08-13 08:37:55', '2024-08-13 08:37:55'),
(20, 7, 7, 139, 14, 'Hi2', 1, '2024-08-13 08:38:06', '2024-08-13 08:38:06'),
(21, 7, 7, 125, 15, 'T1', 1, '2024-08-13 08:40:10', '2024-08-13 08:40:10'),
(22, 139, 139, 7, 14, 'Hi , How are you ?', 1, '2024-08-13 08:42:02', '2024-08-13 08:42:02'),
(23, 7, 7, 121, 16, 'H1', 1, '2024-08-13 08:45:36', '2024-08-13 08:45:36'),
(24, 7, 7, 121, 16, 'H2', 1, '2024-08-13 08:45:49', '2024-08-13 08:45:49'),
(25, 125, 125, 125, 15, 'Aur bhaiya Ji', 1, '2024-08-13 08:53:39', '2024-08-13 08:53:39'),
(26, 7, 7, 125, 15, 'T2', 1, '2024-08-13 08:54:11', '2024-08-13 08:54:11'),
(27, 125, 125, 125, 15, 'T3', 1, '2024-08-13 08:54:52', '2024-08-13 08:54:52'),
(28, 7, 7, 125, 15, 'T4', 1, '2024-08-13 08:56:06', '2024-08-13 08:56:06'),
(29, 125, 125, 125, 15, 'T5', 1, '2024-08-13 09:00:00', '2024-08-13 09:00:00'),
(30, 125, 125, 125, 15, 'T5', 1, '2024-08-13 09:00:00', '2024-08-13 09:00:00'),
(31, 125, 125, 125, 15, 'T6', 1, '2024-08-13 09:00:38', '2024-08-13 09:00:38'),
(32, 125, 125, 7, 15, 'T7', 1, '2024-08-13 09:06:25', '2024-08-13 09:06:25'),
(33, 125, 125, 7, 15, 'T8', 1, '2024-08-13 09:08:18', '2024-08-13 09:08:18'),
(34, 7, 7, 125, 15, 'T9', 1, '2024-08-13 09:09:34', '2024-08-13 09:09:34'),
(35, 125, 125, 7, 15, 'T10', 1, '2024-08-13 10:43:44', '2024-08-13 10:43:44'),
(86, 7, 7, 125, 66, 'HI Good Afternoon', 1, '2024-08-14 10:14:16', '2024-08-14 10:14:16'),
(87, 7, 7, 125, 67, 'HI Good Afternoon', 1, '2024-08-14 10:31:23', '2024-08-14 10:31:23'),
(88, 7, 7, 125, 68, 'HI Good Afternoon', 1, '2024-08-14 10:31:55', '2024-08-14 10:31:55'),
(89, 7, 7, 125, 69, 'HI Good Afternoon', 1, '2024-08-14 10:32:49', '2024-08-14 10:32:49'),
(90, 7, 7, 125, 70, 'HI Good Afternoon', 1, '2024-08-14 10:44:47', '2024-08-14 10:44:47'),
(91, 7, 7, 125, 71, 'HI Good Afternoon', 1, '2024-08-14 10:52:29', '2024-08-14 10:52:29'),
(92, 7, 7, 125, 72, 'HI Good Afternoon', 1, '2024-08-14 10:52:43', '2024-08-14 10:52:43'),
(93, 7, 7, 125, 73, 'HI Good Afternoon', 1, '2024-08-14 10:52:55', '2024-08-14 10:52:55'),
(94, 7, 7, 125, 74, 'HI Good Afternoon', 1, '2024-08-14 10:53:20', '2024-08-14 10:53:20'),
(95, 7, 7, 125, 75, 'HI Good Afternoon', 1, '2024-08-14 10:53:52', '2024-08-14 10:53:52'),
(96, 7, 7, 125, 76, 'HI Good Afternoon', 1, '2024-08-14 10:54:08', '2024-08-14 10:54:08'),
(97, 7, 7, 125, 77, 'HI Good Afternoon', 1, '2024-08-14 11:00:22', '2024-08-14 11:00:22'),
(98, 125, 125, 7, 77, 'hi', 1, '2024-08-14 11:04:20', '2024-08-14 11:04:20'),
(99, 125, 125, 7, 77, 'hi', 1, '2024-08-14 11:07:25', '2024-08-14 11:07:25'),
(100, 125, 125, 7, 77, 'Bluddy fool', 1, '2024-08-14 11:07:38', '2024-08-14 11:07:38'),
(101, 7, 7, 125, 78, 'HI Good Afternoon', 1, '2024-08-14 11:19:59', '2024-08-14 11:19:59'),
(102, 7, 7, 125, 78, 'HI Good Afternoon', 1, '2024-08-14 11:20:47', '2024-08-14 11:20:47'),
(103, 7, 7, 125, 78, 'HI Good Afternoon', 1, '2024-08-14 11:21:21', '2024-08-14 11:21:21'),
(104, 7, 7, 125, 78, 'HI Good Afternoon', 1, '2024-08-14 11:30:51', '2024-08-14 11:30:51'),
(105, 7, 7, 125, 78, 'HI Good Afternoon', 1, '2024-08-14 11:31:41', '2024-08-14 11:31:41'),
(106, 7, 7, 125, 78, 'HI Good Afternoon', 1, '2024-08-14 11:32:34', '2024-08-14 11:32:34'),
(107, 7, 7, 125, 78, 'HI Good Afternoon', 1, '2024-08-14 11:32:46', '2024-08-14 11:32:46'),
(108, 7, 7, 125, 78, 'HI Good Afternoon', 1, '2024-08-14 11:32:56', '2024-08-14 11:32:56'),
(109, 7, 7, 125, 78, 'HI Good Afternoon', 1, '2024-08-14 11:33:49', '2024-08-14 11:33:49'),
(110, 7, 7, 125, 78, 'HI Good Afternoon', 1, '2024-08-14 11:34:04', '2024-08-14 11:34:04'),
(111, 7, 7, 125, 78, 'HI Good Afternoon', 1, '2024-08-14 11:34:45', '2024-08-14 11:34:45'),
(112, 7, 7, 125, 78, 'HI Good Afternoon', 1, '2024-08-14 11:35:14', '2024-08-14 11:35:14'),
(113, 7, 7, 125, 78, 'HI Good Afternoon', 1, '2024-08-14 11:55:43', '2024-08-14 11:55:43'),
(114, 7, 7, 125, 78, 'HI Good Afternoon', 1, '2024-08-14 11:56:04', '2024-08-14 11:56:04'),
(115, 7, 7, 125, 78, 'HI Good Afternoon', 1, '2024-08-14 11:56:42', '2024-08-14 11:56:42'),
(116, 7, 7, 125, 78, 'HI Good Afternoon', 1, '2024-08-14 11:58:17', '2024-08-14 11:58:17'),
(117, 7, 7, 125, 78, 'HI Good Afternoon', 1, '2024-08-14 11:58:29', '2024-08-14 11:58:29'),
(118, 7, 7, 125, 78, 'HI Good Afternoon', 1, '2024-08-14 12:04:37', '2024-08-14 12:04:37'),
(119, 7, 7, 125, 78, 'HI Good Afternoon', 1, '2024-08-14 12:04:59', '2024-08-14 12:04:59'),
(120, 7, 7, 125, 78, 'HI Good Afternoon', 1, '2024-08-14 12:05:10', '2024-08-14 12:05:10'),
(121, 7, 7, 125, 78, 'HI Good Afternoon', 1, '2024-08-14 12:07:19', '2024-08-14 12:07:19'),
(122, 7, 7, 125, 78, 'HI Good Afternoon', 1, '2024-08-14 12:07:42', '2024-08-14 12:07:42'),
(123, 7, 7, 125, 78, 'HI Good Afternoon', 1, '2024-08-14 12:08:11', '2024-08-14 12:08:11'),
(124, 7, 7, 125, 78, 'HI Good Afternoon', 1, '2024-08-14 12:08:36', '2024-08-14 12:08:36'),
(125, 7, 7, 125, 78, 'HI Good Afternoon', 1, '2024-08-14 12:09:06', '2024-08-14 12:09:06'),
(126, 7, 7, 125, 78, 'HI Good Afternoon', 1, '2024-08-14 12:09:21', '2024-08-14 12:09:21'),
(127, 7, 7, 125, 78, 'HI Good Afternoon', 1, '2024-08-14 12:09:27', '2024-08-14 12:09:27'),
(128, 7, 7, 125, 78, 'HI Good Afternoon', 1, '2024-08-14 12:09:40', '2024-08-14 12:09:40'),
(129, 7, 7, 125, 78, 'HI Good Afternoon', 1, '2024-08-14 12:10:37', '2024-08-14 12:10:37'),
(130, 7, 7, 125, 78, 'HI Good Afternoon', 1, '2024-08-14 12:10:59', '2024-08-14 12:10:59'),
(131, 7, 7, 125, 78, 'HI Good Afternoon', 1, '2024-08-14 12:18:06', '2024-08-14 12:18:06'),
(132, 7, 7, 125, 78, 'HI Good Afternoon', 1, '2024-08-14 12:18:51', '2024-08-14 12:18:51'),
(133, 7, 7, 125, 78, 'HI Good Afternoon', 1, '2024-08-14 12:19:00', '2024-08-14 12:19:00'),
(134, 7, 7, 125, 78, 'HI Good Afternoon', 1, '2024-08-14 12:19:40', '2024-08-14 12:19:40'),
(135, 7, 7, 125, 78, 'HI Good Afternoon', 1, '2024-08-14 12:20:00', '2024-08-14 12:20:00'),
(136, 7, 7, 125, 78, 'HI Good Afternoon', 1, '2024-08-14 12:20:12', '2024-08-14 12:20:12'),
(137, 7, 7, 125, 78, 'HI Good Afternoon', 1, '2024-08-14 12:20:24', '2024-08-14 12:20:24'),
(138, 7, 7, 125, 78, 'HI Good Afternoon', 1, '2024-08-14 12:20:32', '2024-08-14 12:20:32'),
(139, 7, 7, 125, 78, 'HI Good Afternoon', 1, '2024-08-14 12:20:54', '2024-08-14 12:20:54'),
(140, 7, 7, 125, 78, 'HI Good Afternoon', 1, '2024-08-14 12:21:24', '2024-08-14 12:21:24'),
(141, 7, 7, 125, 78, 'HI Good Afternoon', 1, '2024-08-14 12:21:45', '2024-08-14 12:21:45'),
(142, 7, 7, 125, 78, 'HI Good Afternoon', 1, '2024-08-14 12:21:53', '2024-08-14 12:21:53'),
(143, 7, 7, 125, 78, 'HI Good Afternoon', 1, '2024-08-14 12:22:12', '2024-08-14 12:22:12'),
(144, 7, 7, 125, 78, 'HI Good Afternoon', 1, '2024-08-14 12:22:23', '2024-08-14 12:22:23'),
(145, 7, 7, 125, 78, 'HI Good Afternoon', 1, '2024-08-14 12:22:44', '2024-08-14 12:22:44'),
(146, 7, 7, 125, 78, 'HI Good Afternoon', 1, '2024-08-14 12:22:54', '2024-08-14 12:22:54'),
(147, 7, 7, 125, 78, 'HI Good Afternoon', 1, '2024-08-14 12:23:17', '2024-08-14 12:23:17'),
(148, 7, 7, 125, 78, 'HI Good Afternoon', 1, '2024-08-14 12:23:40', '2024-08-14 12:23:40'),
(149, 7, 7, 125, 78, 'HI Good Afternoon', 1, '2024-08-14 12:24:20', '2024-08-14 12:24:20'),
(150, 7, 7, 125, 78, 'HI Good Afternoon', 1, '2024-08-14 12:24:44', '2024-08-14 12:24:44'),
(151, 7, 7, 125, 78, 'HI Good Afternoon', 1, '2024-08-14 12:25:10', '2024-08-14 12:25:10'),
(152, 7, 7, 125, 78, 'HI Good Afternoon', 1, '2024-08-14 12:25:20', '2024-08-14 12:25:20'),
(153, 7, 7, 125, 78, 'HI Good Afternoon', 1, '2024-08-14 12:25:42', '2024-08-14 12:25:42'),
(154, 7, 7, 125, 78, 'HI Good Afternoon', 1, '2024-08-14 12:26:41', '2024-08-14 12:26:41'),
(155, 7, 7, 125, 78, 'HI Good Afternoon', 1, '2024-08-14 12:27:01', '2024-08-14 12:27:01'),
(156, 7, 7, 125, 78, 'HI Good Afternoon', 1, '2024-08-14 12:27:11', '2024-08-14 12:27:11'),
(157, 7, 7, 125, 78, 'HI Good Afternoon', 1, '2024-08-14 12:27:37', '2024-08-14 12:27:37'),
(158, 7, 7, 125, 78, 'HI Good Afternoon', 1, '2024-08-14 12:27:56', '2024-08-14 12:27:56'),
(159, 7, 7, 125, 78, 'HI Good Afternoon', 1, '2024-08-14 12:28:02', '2024-08-14 12:28:02'),
(160, 7, 7, 125, 78, 'HI Good Afternoon', 1, '2024-08-14 12:28:11', '2024-08-14 12:28:11'),
(161, 7, 7, 125, 78, 'HI Good Afternoon', 1, '2024-08-14 12:28:43', '2024-08-14 12:28:43'),
(162, 7, 7, 125, 78, 'HI Good Afternoon', 1, '2024-08-14 12:30:25', '2024-08-14 12:30:25'),
(163, 7, 7, 125, 78, 'HI Good Afternoon', 1, '2024-08-14 12:30:43', '2024-08-14 12:30:43'),
(164, 7, 7, 125, 78, 'HI Good Afternoon', 1, '2024-08-14 12:31:16', '2024-08-14 12:31:16'),
(165, 7, 7, 125, 78, 'HI Good Afternoon', 1, '2024-08-14 12:32:09', '2024-08-14 12:32:09'),
(166, 7, 7, 125, 78, 'HI Good Afternoon', 1, '2024-08-14 12:32:19', '2024-08-14 12:32:19'),
(167, 7, 7, 125, 78, 'HI Good Afternoon', 1, '2024-08-14 12:32:32', '2024-08-14 12:32:32'),
(168, 7, 7, 125, 78, 'HI Good Afternoon', 1, '2024-08-14 12:36:19', '2024-08-14 12:36:19'),
(169, 7, 7, 125, 78, 'HI Good Afternoon', 1, '2024-08-14 12:38:45', '2024-08-14 12:38:45'),
(170, 7, 7, 125, 78, 'HI Good Afternoon', 1, '2024-08-14 12:39:38', '2024-08-14 12:39:38'),
(171, 7, 7, 125, 78, 'HI Good Afternoon', 1, '2024-08-14 12:39:49', '2024-08-14 12:39:49'),
(172, 7, 7, 125, 78, 'HI Good Afternoon', 1, '2024-08-14 12:40:11', '2024-08-14 12:40:11'),
(173, 7, 7, 125, 78, 'HI Good Afternoon', 1, '2024-08-14 12:40:36', '2024-08-14 12:40:36'),
(174, 7, 7, 125, 78, 'HI Good Afternoon', 1, '2024-08-14 12:41:04', '2024-08-14 12:41:04'),
(175, 7, 7, 125, 78, 'HI Good Afternoon', 1, '2024-08-14 12:43:06', '2024-08-14 12:43:06'),
(176, 7, 7, 125, 78, 'HI Good Afternoon', 1, '2024-08-14 12:43:27', '2024-08-14 12:43:27'),
(177, 7, 7, 125, 78, 'HI Good Afternoon', 1, '2024-08-14 12:44:04', '2024-08-14 12:44:04'),
(178, 7, 7, 125, 78, 'HI Good Afternoon', 1, '2024-08-14 12:44:28', '2024-08-14 12:44:28'),
(179, 7, 7, 125, 78, 'HI Good Afternoon', 1, '2024-08-14 12:45:06', '2024-08-14 12:45:06'),
(180, 7, 7, 125, 78, 'HI Good Afternoon', 1, '2024-08-14 12:47:09', '2024-08-14 12:47:09'),
(181, 7, 7, 125, 78, 'HI Good Afternoon', 1, '2024-08-14 12:47:21', '2024-08-14 12:47:21'),
(182, 7, 7, 125, 78, 'HI Good Afternoon', 1, '2024-08-14 12:47:43', '2024-08-14 12:47:43'),
(183, 7, 7, 125, 78, 'HI Good Afternoon', 1, '2024-08-14 12:47:51', '2024-08-14 12:47:51'),
(184, 7, 7, 125, 78, 'HI Good Afternoon', 1, '2024-08-14 12:51:41', '2024-08-14 12:51:41'),
(185, 7, 7, 125, 78, 'HI Good Afternoon', 1, '2024-08-14 12:52:43', '2024-08-14 12:52:43'),
(186, 7, 7, 125, 78, 'HI Good Afternoon', 1, '2024-08-14 12:52:55', '2024-08-14 12:52:55'),
(187, 7, 7, 125, 78, 'HI Good Afternoon', 1, '2024-08-14 12:53:23', '2024-08-14 12:53:23'),
(188, 7, 7, 125, 78, 'HI Good Afternoon', 1, '2024-08-14 12:54:12', '2024-08-14 12:54:12'),
(189, 7, 7, 125, 78, 'HI Good Afternoon', 1, '2024-08-14 12:55:02', '2024-08-14 12:55:02'),
(190, 7, 7, 125, 78, 'HI Good Afternoon', 1, '2024-08-14 12:55:20', '2024-08-14 12:55:20'),
(191, 7, 7, 125, 78, 'HI Good Afternoon', 1, '2024-08-14 12:59:12', '2024-08-14 12:59:12'),
(192, 7, 7, 125, 78, 'HI Good Afternoon', 1, '2024-08-14 13:02:00', '2024-08-14 13:02:00'),
(193, 7, 7, 125, 78, 'HI Good Afternoon', 1, '2024-08-14 13:02:24', '2024-08-14 13:02:24'),
(194, 7, 7, 125, 78, 'HI Good Afternoon', 1, '2024-08-14 13:02:33', '2024-08-14 13:02:33'),
(195, 7, 7, 125, 78, 'HI Good Afternoon', 1, '2024-08-14 13:02:58', '2024-08-14 13:02:58'),
(196, 125, 125, 139, 79, 'Hi', 1, '2024-08-14 13:03:21', '2024-08-14 13:03:21'),
(197, 7, 7, 125, 78, 'HI Good Afternoon', 1, '2024-08-14 13:04:25', '2024-08-14 13:04:25'),
(198, 139, 139, 125, 79, 'HI Good Afternoon', 1, '2024-08-14 13:06:25', '2024-08-14 13:06:25'),
(199, 139, 139, 125, 79, 'HI Good Afternoon', 1, '2024-08-14 13:06:36', '2024-08-14 13:06:36'),
(200, 139, 139, 125, 79, 'HI Good Afternoon', 1, '2024-08-14 13:06:47', '2024-08-14 13:06:47'),
(201, 139, 139, 125, 79, 'HI Good Afternoon', 1, '2024-08-14 13:07:36', '2024-08-14 13:07:36'),
(202, 139, 139, 125, 79, 'HI Good Night', 1, '2024-08-14 13:07:56', '2024-08-14 13:07:56'),
(203, 139, 139, 125, 79, 'HI', 1, '2024-08-14 13:08:20', '2024-08-14 13:08:20'),
(204, 139, 139, 125, 79, 'HI', 1, '2024-08-14 13:08:34', '2024-08-14 13:08:34'),
(205, 125, 125, 150, 80, 'Ram Ram', 1, '2024-08-15 05:45:20', '2024-08-15 05:45:20'),
(206, 125, 125, 150, 80, 'Kem cho', 1, '2024-08-15 05:45:31', '2024-08-15 05:45:31');

-- --------------------------------------------------------

--
-- Table structure for table `chat_list`
--

CREATE TABLE `chat_list` (
  `id` int(11) NOT NULL,
  `sender_id` int(11) NOT NULL,
  `receiver_id` int(11) NOT NULL,
  `status` tinyint(4) NOT NULL DEFAULT 1,
  `created_at` datetime NOT NULL DEFAULT current_timestamp(),
  `updated_at` datetime DEFAULT NULL
) ENGINE=InnoDB DEFAULT CHARSET=utf8mb4 COLLATE=utf8mb4_general_ci;

--
-- Dumping data for table `chat_list`
--

INSERT INTO `chat_list` (`id`, `sender_id`, `receiver_id`, `status`, `created_at`, `updated_at`) VALUES
(14, 7, 139, 1, '2024-08-13 14:07:55', NULL),
(15, 7, 125, 1, '2024-08-13 14:10:10', NULL),
(16, 7, 121, 1, '2024-08-13 14:15:36', NULL),
(17, 7, 125, 1, '2024-08-14 14:41:23', NULL),
(18, 7, 125, 1, '2024-08-14 14:41:44', NULL),
(19, 7, 125, 1, '2024-08-14 14:42:01', NULL),
(20, 7, 125, 1, '2024-08-14 14:42:16', NULL),
(21, 7, 125, 1, '2024-08-14 14:53:20', NULL),
(22, 7, 125, 1, '2024-08-14 14:54:24', NULL),
(23, 7, 125, 1, '2024-08-14 14:54:42', NULL),
(24, 7, 125, 1, '2024-08-14 14:55:17', NULL),
(25, 7, 125, 1, '2024-08-14 14:55:29', NULL),
(26, 7, 125, 1, '2024-08-14 14:56:39', NULL),
(27, 7, 125, 1, '2024-08-14 14:56:53', NULL),
(28, 7, 125, 1, '2024-08-14 14:57:29', NULL),
(29, 7, 125, 1, '2024-08-14 14:58:11', NULL),
(30, 7, 125, 1, '2024-08-14 14:58:27', NULL),
(31, 7, 125, 1, '2024-08-14 14:58:39', NULL),
(32, 7, 125, 1, '2024-08-14 14:59:22', NULL),
(33, 7, 125, 1, '2024-08-14 15:00:17', NULL),
(34, 7, 125, 1, '2024-08-14 15:00:24', NULL),
(35, 7, 125, 1, '2024-08-14 15:00:48', NULL),
(36, 7, 125, 1, '2024-08-14 15:02:32', NULL),
(37, 7, 125, 1, '2024-08-14 15:03:30', NULL),
(38, 7, 125, 1, '2024-08-14 15:03:55', NULL),
(39, 7, 125, 1, '2024-08-14 15:04:01', NULL),
(40, 7, 125, 1, '2024-08-14 15:04:23', NULL),
(41, 7, 125, 1, '2024-08-14 15:05:14', NULL),
(42, 7, 125, 1, '2024-08-14 15:05:21', NULL),
(43, 7, 125, 1, '2024-08-14 15:06:06', NULL),
(44, 7, 125, 1, '2024-08-14 15:06:22', NULL),
(45, 7, 125, 1, '2024-08-14 15:06:48', NULL),
(46, 7, 125, 1, '2024-08-14 15:07:06', NULL),
(47, 7, 125, 1, '2024-08-14 15:08:14', NULL),
(48, 7, 125, 1, '2024-08-14 15:08:48', NULL),
(49, 7, 125, 1, '2024-08-14 15:10:46', NULL),
(50, 7, 125, 1, '2024-08-14 15:10:49', NULL),
(51, 7, 125, 1, '2024-08-14 15:11:05', NULL),
(52, 7, 125, 1, '2024-08-14 15:11:18', NULL),
(53, 7, 125, 1, '2024-08-14 15:11:18', NULL),
(54, 7, 125, 1, '2024-08-14 15:11:31', NULL),
(55, 7, 125, 1, '2024-08-14 15:14:03', NULL),
(56, 7, 125, 1, '2024-08-14 15:14:41', NULL),
(57, 7, 125, 1, '2024-08-14 15:14:55', NULL),
(58, 7, 125, 1, '2024-08-14 15:16:04', NULL),
(59, 7, 125, 1, '2024-08-14 15:16:49', NULL),
(60, 7, 125, 1, '2024-08-14 15:17:37', NULL),
(61, 7, 125, 1, '2024-08-14 15:17:47', NULL),
(62, 7, 125, 1, '2024-08-14 15:18:13', NULL),
(63, 7, 125, 1, '2024-08-14 15:18:33', NULL),
(64, 7, 125, 1, '2024-08-14 15:19:31', NULL),
(65, 7, 125, 1, '2024-08-14 15:19:40', NULL),
(66, 7, 125, 1, '2024-08-14 15:44:16', NULL),
(67, 7, 125, 1, '2024-08-14 16:01:22', NULL),
(68, 7, 125, 1, '2024-08-14 16:01:55', NULL),
(69, 7, 125, 1, '2024-08-14 16:02:49', NULL),
(70, 7, 125, 1, '2024-08-14 16:14:47', NULL),
(71, 7, 125, 1, '2024-08-14 16:22:29', NULL),
(72, 7, 125, 1, '2024-08-14 16:22:43', NULL),
(73, 7, 125, 1, '2024-08-14 16:22:55', NULL),
(74, 7, 125, 1, '2024-08-14 16:23:20', NULL),
(75, 7, 125, 1, '2024-08-14 16:23:52', NULL),
(76, 7, 125, 1, '2024-08-14 16:24:08', NULL),
(77, 7, 125, 1, '2024-08-14 16:30:22', NULL),
(78, 7, 125, 1, '2024-08-14 16:49:59', NULL),
(79, 125, 139, 1, '2024-08-14 18:33:21', NULL),
(80, 125, 150, 1, '2024-08-15 11:15:20', NULL);

-- --------------------------------------------------------

--
-- Table structure for table `cms`
--

CREATE TABLE `cms` (
  `id` int(11) NOT NULL,
  `page_name` varchar(250) NOT NULL,
  `content` text NOT NULL,
  `status` tinyint(4) NOT NULL DEFAULT 1,
  `created_at` datetime NOT NULL DEFAULT current_timestamp(),
  `updated_at` datetime DEFAULT NULL
) ENGINE=InnoDB DEFAULT CHARSET=utf8mb4 COLLATE=utf8mb4_general_ci;

--
-- Dumping data for table `cms`
--

INSERT INTO `cms` (`id`, `page_name`, `content`, `status`, `created_at`, `updated_at`) VALUES
(1, 'FAQ', '<h1>Dummy</h1><p><strong>Lorem Ipsum</strong> is simply dummy text of the printing and typesetting industry. Lorem Ipsum has been the industry\'s standard dummy text ever since the 1500s, when an unknown printer took a galley of type and scrambled it to make a type specimen book. It has survived not only five centuries, but also the leap into electronic typesetting, remaining essentially unchanged. It was popularised in the 1960s with the release of Letraset sheets containing Lorem Ipsum passages, and more recently with desktop publishing software like Aldus PageMaker including versions of Lorem Ipsum.</p><p>Contrary to popular belief, Lorem Ipsum is not simply random text. It has roots in a piece of classical Latin literature from 45 BC, making it over 2000 years old. Richard McClintock, a Latin professor at Hampden-Sydney College in Virginia, looked up one of the more obscure Latin words, consectetur, from a Lorem Ipsum passage, and going through the cites of the word in classical literature, discovered the undoubtable source. Lorem Ipsum comes from sections 1.10.32 and 1.10.33 of \"de Finibus Bonorum et Malorum\" (The Extremes of Good and Evil) by Cicero, written in 45 BC. This book is a treatise on the theory of ethics, very popular during the Renaissance. The first line of Lorem Ipsum, \"Lorem ipsum dolor sit amet..\", comes from a line in section 1.10.32.</p><p>The standard chunk of Lorem Ipsum used since the 1500s is reproduced below for those interested. Sections 1.10.32 and 1.10.33 from \"de Finibus Bonorum et Malorum\" by Cicero are also reproduced in their exact original form, accompanied by English versions from the 1914 translation by H. Rackham.</p><p>It is a long established fact that a reader will be distracted by the readable content of a page when looking at its layout. The point of using Lorem Ipsum is that it has a more-or-less normal distribution of letters, as opposed to using \'Content here, content here\', making it look like readable English. Many desktop publishing packages and web page editors now use Lorem Ipsum as their default model text, and a search for \'lorem ipsum\' will uncover many web sites still in their infancy. Various versions have evolved over the years, sometimes by accident, sometimes on purpose (injected humour and the like).</p>', 1, '2024-08-07 11:56:27', '2024-08-15 09:21:00'),
(2, 'Privacy Policy', '<h1>Dummy Content</h1><p><strong>Lorem Ipsum</strong> is simply dummy text of the printing and typesetting industry. Lorem Ipsum has been the industry\'s standard dummy text ever since the 1500s, when an unknown printer took a galley of type and scrambled it to make a type specimen book. It has survived not only five centuries, but also the leap into electronic typesetting, remaining essentially unchanged. It was popularised in the 1960s with the release of Letraset sheets containing Lorem Ipsum passages, and more recently with desktop publishing software like Aldus PageMaker including versions of Lorem Ipsum.</p><p>Contrary to popular belief, Lorem Ipsum is not simply random text. It has roots in a piece of classical Latin literature from 45 BC, making it over 2000 years old. Richard McClintock, a Latin professor at Hampden-Sydney College in Virginia, looked up one of the more obscure Latin words, consectetur, from a Lorem Ipsum passage, and going through the cites of the word in classical literature, discovered the undoubtable source. Lorem Ipsum comes from sections 1.10.32 and 1.10.33 of \"de Finibus Bonorum et Malorum\" (The Extremes of Good and Evil) by Cicero, written in 45 BC. This book is a treatise on the theory of ethics, very popular during the Renaissance. The first line of Lorem Ipsum, \"Lorem ipsum dolor sit amet..\", comes from a line in section 1.10.32.</p><p>The standard chunk of Lorem Ipsum used since the 1500s is reproduced below for those interested. Sections 1.10.32 and 1.10.33 from \"de Finibus Bonorum et Malorum\" by Cicero are also reproduced in their exact original form, accompanied by English versions from the 1914 translation by H. Rackham.</p><p>It is a long established fact that a reader will be distracted by the readable content of a page when looking at its layout. The point of using Lorem Ipsum is that it has a more-or-less normal distribution of letters, as opposed to using \'Content here, content here\', making it look like readable English. Many desktop publishing packages and web page editors now use Lorem Ipsum as their default model text, and a search for \'lorem ipsum\' will uncover many web sites still in their infancy. Various versions have evolved over the years, sometimes by accident, sometimes on purpose (injected humour and the like).</p>', 1, '2024-08-07 11:57:08', '2024-08-07 11:57:08'),
(3, 'Terms and Condition', '<h1>Dummy Content</h1><p><strong>Lorem Ipsum</strong> is simply dummy text of the printing and typesetting industry. Lorem Ipsum has been the industry\'s standard dummy text ever since the 1500s, when an unknown printer took a galley of type and scrambled it to make a type specimen book. It has survived not only five centuries, but also the leap into electronic typesetting, remaining essentially unchanged. It was popularised in the 1960s with the release of Letraset sheets containing Lorem Ipsum passages, and more recently with desktop publishing software like Aldus PageMaker including versions of Lorem Ipsum.</p><p>Contrary to popular belief, Lorem Ipsum is not simply random text. It has roots in a piece of classical Latin literature from 45 BC, making it over 2000 years old. Richard McClintock, a Latin professor at Hampden-Sydney College in Virginia, looked up one of the more obscure Latin words, consectetur, from a Lorem Ipsum passage, and going through the cites of the word in classical literature, discovered the undoubtable source. Lorem Ipsum comes from sections 1.10.32 and 1.10.33 of \"de Finibus Bonorum et Malorum\" (The Extremes of Good and Evil) by Cicero, written in 45 BC. This book is a treatise on the theory of ethics, very popular during the Renaissance. The first line of Lorem Ipsum, \"Lorem ipsum dolor sit amet..\", comes from a line in section 1.10.32.</p><p>The standard chunk of Lorem Ipsum used since the 1500s is reproduced below for those interested. Sections 1.10.32 and 1.10.33 from \"de Finibus Bonorum et Malorum\" by Cicero are also reproduced in their exact original form, accompanied by English versions from the 1914 translation by H. Rackham.</p><p>It is a long established fact that a reader will be distracted by the readable content of a page when looking at its layout. The point of using Lorem Ipsum is that it has a more-or-less normal distribution of letters, as opposed to using \'Content here, content here\', making it look like readable English. Many desktop publishing packages and web page editors now use Lorem Ipsum as their default model text, and a search for \'lorem ipsum\' will uncover many web sites still in their infancy. Various versions have evolved over the years, sometimes by accident, sometimes on purpose (injected humour and the like).</p>', 1, '2024-08-07 12:05:47', '2024-08-07 12:05:47'),
(4, 'Winners', '<p><strong>Lorem Ipsum</strong> is simply dummy text of the printing and typesetting industry. Lorem Ipsum has been the industry\'s standard dummy text ever since the 1500s, when an unknown printer took a galley of type and scrambled it to make a type specimen book. It has survived not only five centuries, but also the leap into electronic typesetting, remaining essentially unchanged. It was popularised in the 1960s with the release of Letraset sheets containing Lorem Ipsum passages, and more recently with desktop publishing software like Aldus PageMaker including versions of Lorem Ipsum.</p>', 0, '2024-08-07 12:19:40', '2024-08-07 12:21:32');

-- --------------------------------------------------------

--
-- Table structure for table `contactus`
--

CREATE TABLE `contactus` (
  `id` int(11) NOT NULL,
  `user_id` int(11) DEFAULT NULL,
  `event_id` int(11) DEFAULT NULL,
  `fname` varchar(25) NOT NULL,
  `lname` varchar(25) NOT NULL,
  `email` varchar(50) NOT NULL,
  `phone` varchar(15) NOT NULL,
  `message` text NOT NULL,
  `status` tinyint(4) NOT NULL DEFAULT 1,
  `created_at` datetime NOT NULL DEFAULT current_timestamp(),
  `updated_at` datetime DEFAULT NULL
) ENGINE=InnoDB DEFAULT CHARSET=utf8mb4 COLLATE=utf8mb4_general_ci;

--
-- Dumping data for table `contactus`
--

INSERT INTO `contactus` (`id`, `user_id`, `event_id`, `fname`, `lname`, `email`, `phone`, `message`, `status`, `created_at`, `updated_at`) VALUES
(1, 7, 1, 'Ramesh', 'Sekh', 'rk@gmail.com', '6525458595', 'sample', 1, '2024-08-06 15:53:44', NULL),
(2, 7, 1, 'Ramesh', 'Sekh', 'rk@gmail.com', '6525458595', 'sample', 1, '2024-08-06 17:13:08', NULL),
(3, 7, 1, 'sa', 'sa', 'sa@gmail.com', '1212121212', 'Test ios', 1, '2024-08-06 17:17:47', NULL),
(4, 7, 1, 'shaym', 'patil', 'shyam@gmail.com', '9970831750', 'Demo Message', 1, '2024-08-06 17:18:44', NULL),
(5, 7, 1, 'sa', 'sa', 'sa@gmail.com', '1212121212', 'Dada', 1, '2024-08-06 17:19:50', NULL),
(6, 7, 1, 'Bhikhu', 'Matre', 'shyam@gmail.com', '9970831750', 'Test the Description \nwhether user able to\nenter the test or not', 1, '2024-08-08 14:48:17', NULL),
(7, 139, 1, 'Ritesh', 'Shah', 'chirag.bhatt@headway.org.in', '9825693304', 'test', 1, '2024-08-13 16:17:12', NULL),
(8, 139, 1, 'Ritesh', 'Shah', 'chirag.bhatt@headway.org.in', '9825693304', 'this is our test', 1, '2024-08-13 16:25:17', NULL);

-- --------------------------------------------------------

--
-- Table structure for table `coupons`
--

CREATE TABLE `coupons` (
  `id` int(11) NOT NULL,
  `coupon_number` varchar(255) NOT NULL,
  `coupon_name` varchar(200) NOT NULL,
  `status` tinyint(4) NOT NULL DEFAULT 1,
  `created_at` timestamp NULL DEFAULT NULL,
  `updated_at` timestamp NULL DEFAULT NULL
) ENGINE=InnoDB DEFAULT CHARSET=utf8mb4 COLLATE=utf8mb4_general_ci;

--
-- Dumping data for table `coupons`
--

INSERT INTO `coupons` (`id`, `coupon_number`, `coupon_name`, `status`, `created_at`, `updated_at`) VALUES
(1, '#000100', 'SSU 2023', 1, '2024-07-20 23:29:34', '2024-07-20 23:29:34');

-- --------------------------------------------------------

--
-- Table structure for table `coupons_order`
--

CREATE TABLE `coupons_order` (
  `id` int(11) NOT NULL,
  `user_id` int(11) NOT NULL,
  `event_id` int(11) DEFAULT NULL,
  `quantity` varchar(255) NOT NULL,
  `status` tinyint(4) NOT NULL DEFAULT 1,
  `order_status` enum('0','1','2','3') NOT NULL DEFAULT '0' COMMENT '0 for pending, 1 for approved, 2 for declined,3 for delivered',
  `reasons` text DEFAULT NULL,
  `receipt_payment` varchar(255) DEFAULT NULL,
  `created_at` timestamp NULL DEFAULT current_timestamp(),
  `updated_at` timestamp NULL DEFAULT NULL
) ENGINE=InnoDB DEFAULT CHARSET=utf8mb4 COLLATE=utf8mb4_general_ci;

--
-- Dumping data for table `coupons_order`
--

INSERT INTO `coupons_order` (`id`, `user_id`, `event_id`, `quantity`, `status`, `order_status`, `reasons`, `receipt_payment`, `created_at`, `updated_at`) VALUES
(2, 139, 1, '500', 1, '0', NULL, '20240813113320.png', '2024-08-13 11:33:20', '2024-08-16 07:19:27');

-- --------------------------------------------------------

--
-- Table structure for table `documents`
--

CREATE TABLE `documents` (
  `id` int(11) NOT NULL,
  `user_id` int(11) NOT NULL,
  `event_id` int(11) NOT NULL,
  `doc_name` varchar(255) NOT NULL,
  `file` varchar(255) NOT NULL,
  `status` tinyint(4) NOT NULL DEFAULT 1,
  `created_at` datetime NOT NULL DEFAULT current_timestamp(),
  `updated_at` datetime DEFAULT NULL
) ENGINE=InnoDB DEFAULT CHARSET=utf8mb4 COLLATE=utf8mb4_general_ci;

--
-- Dumping data for table `documents`
--

INSERT INTO `documents` (`id`, `user_id`, `event_id`, `doc_name`, `file`, `status`, `created_at`, `updated_at`) VALUES
(7, 139, 1, 'SSU Brochure', '20240812111041.png', 1, '2024-08-12 11:10:41', '2024-08-12 11:10:41'),
(8, 139, 3, 'This', '20240812111303.jpg', 1, '2024-08-12 11:13:03', '2024-08-12 11:13:03');

-- --------------------------------------------------------

--
-- Table structure for table `events`
--

CREATE TABLE `events` (
  `id` int(11) NOT NULL,
  `event_name` varchar(255) NOT NULL,
  `event_description` varchar(255) DEFAULT NULL,
  `start_date` date DEFAULT NULL,
  `end_date` date DEFAULT NULL,
  `image` varchar(255) DEFAULT NULL,
  `image_type` tinyint(4) NOT NULL DEFAULT 2 COMMENT ' 1 for desktop, 2 for mobile ',
  `prize` double NOT NULL,
  `status` tinyint(4) NOT NULL DEFAULT 1,
  `event_location` varchar(255) DEFAULT NULL,
  `created_at` timestamp NULL DEFAULT NULL,
  `updated_at` timestamp NULL DEFAULT NULL
) ENGINE=InnoDB DEFAULT CHARSET=utf8mb4 COLLATE=utf8mb4_general_ci;

--
-- Dumping data for table `events`
--

INSERT INTO `events` (`id`, `event_name`, `event_description`, `start_date`, `end_date`, `image`, `image_type`, `prize`, `status`, `event_location`, `created_at`, `updated_at`) VALUES
(1, 'SSU 2024', 'Event Descrition', '2024-04-01', '2024-10-31', '20240813121315.png', 2, 999999, 1, 'Ahmedabad', '2024-07-18 11:21:15', '2024-08-13 06:43:15'),
(3, 'SSU 2023', 'Event Bla Maha', '2023-01-01', '2023-12-28', '20240808132123.png', 2, 8500000, 0, 'Ahmedabad', '2024-08-06 01:01:56', '2024-08-13 06:43:49'),
(14, 'SSU 2025', 'Event test description', '2025-08-14', '2025-08-29', '20240813120748.png', 3, 1000000, 0, NULL, '2024-08-13 06:37:48', '2024-08-13 06:43:42');

-- --------------------------------------------------------

--
-- Table structure for table `event_details`
--

CREATE TABLE `event_details` (
  `id` int(11) NOT NULL,
  `event_id` int(11) NOT NULL,
  `title` varchar(255) DEFAULT NULL,
  `image` varchar(255) DEFAULT NULL,
  `video` varchar(255) DEFAULT NULL,
  `type` enum('1','2') NOT NULL DEFAULT '1' COMMENT '1 for image, 2 for video',
  `status` tinyint(4) NOT NULL DEFAULT 1,
  `created_at` timestamp NULL DEFAULT NULL,
  `updated_at` timestamp NULL DEFAULT NULL
) ENGINE=InnoDB DEFAULT CHARSET=utf8mb4 COLLATE=utf8mb4_general_ci;

--
-- Dumping data for table `event_details`
--

INSERT INTO `event_details` (`id`, `event_id`, `title`, `image`, `video`, `type`, `status`, `created_at`, `updated_at`) VALUES
(1, 1, 'Day 1', 'event_images/1.png', 'event_videos/video.mp4', '1', 1, '2024-07-18 16:32:44', NULL),
(2, 1, 'Day 2', 'event_images/2.png', 'event_videos/video2.mp4', '1', 1, '2024-07-18 16:33:11', NULL),
(3, 1, 'Day 2', NULL, 'event_videos/video2.mp4', '2', 1, '2024-07-18 16:33:11', NULL),
(4, 1, 'Day 2', NULL, 'event_videos/video2.mp4', '2', 1, '2024-07-18 16:33:11', NULL),
(5, 1, 'Day Three', '20240810130653.png', NULL, '1', 1, '2024-08-10 07:36:53', '2024-08-10 07:36:53'),
(6, 1, 'Real Video', NULL, '20240810132443.mp4', '2', 1, '2024-08-10 07:54:43', '2024-08-10 07:54:43');

-- --------------------------------------------------------

--
-- Table structure for table `failed_jobs`
--

CREATE TABLE `failed_jobs` (
  `id` bigint(20) UNSIGNED NOT NULL,
  `uuid` varchar(255) NOT NULL,
  `connection` text NOT NULL,
  `queue` text NOT NULL,
  `payload` longtext NOT NULL,
  `exception` longtext NOT NULL,
  `failed_at` timestamp NOT NULL DEFAULT current_timestamp()
) ENGINE=InnoDB DEFAULT CHARSET=utf8mb4 COLLATE=utf8mb4_unicode_ci;

-- --------------------------------------------------------

--
-- Table structure for table `migrations`
--

CREATE TABLE `migrations` (
  `id` int(10) UNSIGNED NOT NULL,
  `migration` varchar(255) NOT NULL,
  `batch` int(11) NOT NULL
) ENGINE=InnoDB DEFAULT CHARSET=utf8mb4 COLLATE=utf8mb4_unicode_ci;

--
-- Dumping data for table `migrations`
--

INSERT INTO `migrations` (`id`, `migration`, `batch`) VALUES
(1, '2014_10_12_000000_create_users_table', 1),
(2, '2014_10_12_100000_create_password_reset_tokens_table', 1),
(3, '2014_10_12_100000_create_password_resets_table', 1),
(4, '2019_08_19_000000_create_failed_jobs_table', 1),
(5, '2019_12_14_000001_create_personal_access_tokens_table', 1),
(6, '2023_12_17_095139_create_roles_permission_names_table', 1),
(7, '2023_12_17_095257_create_roles_permission_descriptions_table', 1),
(8, '2016_06_01_000001_create_oauth_auth_codes_table', 2),
(9, '2016_06_01_000002_create_oauth_access_tokens_table', 2),
(10, '2016_06_01_000003_create_oauth_refresh_tokens_table', 2),
(11, '2016_06_01_000004_create_oauth_clients_table', 2),
(12, '2016_06_01_000005_create_oauth_personal_access_clients_table', 2);

-- --------------------------------------------------------

--
-- Table structure for table `notices`
--

CREATE TABLE `notices` (
  `id` int(11) NOT NULL,
  `notice_name` varchar(200) NOT NULL,
  `content` text NOT NULL,
  `status` tinyint(4) NOT NULL DEFAULT 1,
  `created_at` datetime NOT NULL DEFAULT current_timestamp(),
  `updated_at` datetime DEFAULT NULL
) ENGINE=InnoDB DEFAULT CHARSET=utf8mb4 COLLATE=utf8mb4_general_ci;

--
-- Dumping data for table `notices`
--

INSERT INTO `notices` (`id`, `notice_name`, `content`, `status`, `created_at`, `updated_at`) VALUES
(1, 'Winner Text', '<p><strong>Lorem Ipsum</strong> is simply dummy text of the printing and typesetting industry. Lorem Ipsum has been the industry\'s standard dummy text ever since the 1500s, when an unknown printer took a galley of type and scrambled it to make a type specimen book. It has survived not only five centuries, but also the leap into electronic typesetting, remaining essentially unchanged. It was popularised in the 1960s with the release of Letraset sheets containing Lorem Ipsum passages, and more recently with desktop publishing software like Aldus PageMaker including versions of Lorem Ipsum.</p>', 1, '2024-08-07 12:23:19', '2024-08-07 12:23:19'),
(2, 'Prize Info', '<p>standard dummy text ever since the 1500s, when an unknown printer took a galley of type and scrambled it to make a type specimen book</p>', 1, '2024-08-07 12:23:39', '2024-08-08 09:51:27');

-- --------------------------------------------------------

--
-- Table structure for table `oauth_access_tokens`
--

CREATE TABLE `oauth_access_tokens` (
  `id` varchar(100) NOT NULL,
  `user_id` bigint(20) UNSIGNED DEFAULT NULL,
  `client_id` bigint(20) UNSIGNED NOT NULL,
  `name` varchar(255) DEFAULT NULL,
  `scopes` text DEFAULT NULL,
  `revoked` tinyint(1) NOT NULL,
  `created_at` timestamp NULL DEFAULT NULL,
  `updated_at` timestamp NULL DEFAULT NULL,
  `expires_at` datetime DEFAULT NULL
) ENGINE=InnoDB DEFAULT CHARSET=utf8mb4 COLLATE=utf8mb4_unicode_ci;

--
-- Dumping data for table `oauth_access_tokens`
--

INSERT INTO `oauth_access_tokens` (`id`, `user_id`, `client_id`, `name`, `scopes`, `revoked`, `created_at`, `updated_at`, `expires_at`) VALUES
('20e96b96e49cf1b335b693de1ad21adce1884827d5518c4e29efc669273f4a33ff5a66510cfba880', 7, 1, 'authToken', '[]', 0, '2024-07-17 11:58:16', '2024-07-17 11:58:16', '2025-07-17 17:28:16');

-- --------------------------------------------------------

--
-- Table structure for table `oauth_auth_codes`
--

CREATE TABLE `oauth_auth_codes` (
  `id` varchar(100) NOT NULL,
  `user_id` bigint(20) UNSIGNED NOT NULL,
  `client_id` bigint(20) UNSIGNED NOT NULL,
  `scopes` text DEFAULT NULL,
  `revoked` tinyint(1) NOT NULL,
  `expires_at` datetime DEFAULT NULL
) ENGINE=InnoDB DEFAULT CHARSET=utf8mb4 COLLATE=utf8mb4_unicode_ci;

-- --------------------------------------------------------

--
-- Table structure for table `oauth_clients`
--

CREATE TABLE `oauth_clients` (
  `id` bigint(20) UNSIGNED NOT NULL,
  `user_id` bigint(20) UNSIGNED DEFAULT NULL,
  `name` varchar(255) NOT NULL,
  `secret` varchar(100) DEFAULT NULL,
  `provider` varchar(255) DEFAULT NULL,
  `redirect` text NOT NULL,
  `personal_access_client` tinyint(1) NOT NULL,
  `password_client` tinyint(1) NOT NULL,
  `revoked` tinyint(1) NOT NULL,
  `created_at` timestamp NULL DEFAULT NULL,
  `updated_at` timestamp NULL DEFAULT NULL
) ENGINE=InnoDB DEFAULT CHARSET=utf8mb4 COLLATE=utf8mb4_unicode_ci;

--
-- Dumping data for table `oauth_clients`
--

INSERT INTO `oauth_clients` (`id`, `user_id`, `name`, `secret`, `provider`, `redirect`, `personal_access_client`, `password_client`, `revoked`, `created_at`, `updated_at`) VALUES
(1, NULL, 'Laravel Personal Access Client', 'eLJmkOpRbxFD2PHatCKARR1QDecMFqgVEni3zufe', NULL, 'http://localhost', 1, 0, 0, '2024-07-17 11:54:46', '2024-07-17 11:54:46'),
(2, NULL, 'Laravel Password Grant Client', 'qGHBZ3acDvwdSw0dL6m0mWMt2LvBMnqY7xyTgPQZ', 'users', 'http://localhost', 0, 1, 0, '2024-07-17 11:54:46', '2024-07-17 11:54:46');

-- --------------------------------------------------------

--
-- Table structure for table `oauth_personal_access_clients`
--

CREATE TABLE `oauth_personal_access_clients` (
  `id` bigint(20) UNSIGNED NOT NULL,
  `client_id` bigint(20) UNSIGNED NOT NULL,
  `created_at` timestamp NULL DEFAULT NULL,
  `updated_at` timestamp NULL DEFAULT NULL
) ENGINE=InnoDB DEFAULT CHARSET=utf8mb4 COLLATE=utf8mb4_unicode_ci;

--
-- Dumping data for table `oauth_personal_access_clients`
--

INSERT INTO `oauth_personal_access_clients` (`id`, `client_id`, `created_at`, `updated_at`) VALUES
(1, 1, '2024-07-17 11:54:46', '2024-07-17 11:54:46');

-- --------------------------------------------------------

--
-- Table structure for table `oauth_refresh_tokens`
--

CREATE TABLE `oauth_refresh_tokens` (
  `id` varchar(100) NOT NULL,
  `access_token_id` varchar(100) NOT NULL,
  `revoked` tinyint(1) NOT NULL,
  `expires_at` datetime DEFAULT NULL
) ENGINE=InnoDB DEFAULT CHARSET=utf8mb4 COLLATE=utf8mb4_unicode_ci;

-- --------------------------------------------------------

--
-- Table structure for table `password_resets`
--

CREATE TABLE `password_resets` (
  `email` varchar(255) NOT NULL,
  `token` varchar(255) NOT NULL,
  `created_at` timestamp NULL DEFAULT NULL
) ENGINE=InnoDB DEFAULT CHARSET=utf8mb4 COLLATE=utf8mb4_unicode_ci;

-- --------------------------------------------------------

--
-- Table structure for table `password_reset_tokens`
--

CREATE TABLE `password_reset_tokens` (
  `email` varchar(255) NOT NULL,
  `token` varchar(255) NOT NULL,
  `created_at` timestamp NULL DEFAULT NULL
) ENGINE=InnoDB DEFAULT CHARSET=utf8mb4 COLLATE=utf8mb4_unicode_ci;

-- --------------------------------------------------------

--
-- Table structure for table `personal_access_tokens`
--

CREATE TABLE `personal_access_tokens` (
  `id` bigint(20) UNSIGNED NOT NULL,
  `tokenable_type` varchar(255) NOT NULL,
  `tokenable_id` bigint(20) UNSIGNED NOT NULL,
  `name` varchar(255) NOT NULL,
  `token` varchar(64) NOT NULL,
  `abilities` text DEFAULT NULL,
  `last_used_at` timestamp NULL DEFAULT NULL,
  `expires_at` timestamp NULL DEFAULT NULL,
  `created_at` timestamp NULL DEFAULT NULL,
  `updated_at` timestamp NULL DEFAULT NULL
) ENGINE=InnoDB DEFAULT CHARSET=utf8mb4 COLLATE=utf8mb4_unicode_ci;

--
-- Dumping data for table `personal_access_tokens`
--

INSERT INTO `personal_access_tokens` (`id`, `tokenable_type`, `tokenable_id`, `name`, `token`, `abilities`, `last_used_at`, `expires_at`, `created_at`, `updated_at`) VALUES
(1, 'App\\Models\\User', 7, 'authToken', 'a84bb8157c23f32ec17fe1720689d58507edfd09c95106376d0f67e534251640', '[\"*\"]', NULL, NULL, '2024-07-17 11:27:09', '2024-07-17 11:27:09'),
(2, 'App\\Models\\User', 7, 'authToken', '9b2c1dbf6fbaffdb70e5922c68ee18c95bc2b76f1121ebf637219d19bb183575', '[\"*\"]', NULL, NULL, '2024-07-17 11:46:54', '2024-07-17 11:46:54'),
(3, 'App\\Models\\User', 7, 'authToken', 'e96776bc6efa00dc17aa7d41ab38800a01c62e4e820f1e1fdd44d96e7992b7cf', '[\"*\"]', NULL, NULL, '2024-07-17 11:58:46', '2024-07-17 11:58:46'),
(4, 'App\\Models\\User', 7, 'authToken', '23a85f9935271d5778cbc1807be47f4282fead8694f881db631c876ddb967ed7', '[\"*\"]', NULL, NULL, '2024-08-01 02:36:57', '2024-08-01 02:36:57'),
(5, 'App\\Models\\User', 7, 'authToken', '482f900cd86093386d4ed6852edcd1a99bc949b97af4c9f7c3d63d4faba3f50f', '[\"*\"]', NULL, NULL, '2024-08-01 02:42:18', '2024-08-01 02:42:18'),
(6, 'App\\Models\\User', 7, 'authToken', '7009bbb9a1b613d37473b78fffabe21b6ba5a2b05564ae68381643be23a620e4', '[\"*\"]', NULL, NULL, '2024-08-01 02:57:23', '2024-08-01 02:57:23'),
(7, 'App\\Models\\User', 7, 'authToken', '052f9524204781f2c301af54710f95e69bc70177c0c6e3afccad10aaac26c715', '[\"*\"]', NULL, NULL, '2024-08-01 02:57:53', '2024-08-01 02:57:53'),
(8, 'App\\Models\\User', 7, 'authToken', 'c6fda319f5717f17d190e4abf9ec7838f72f54941055dee2f01d055e336facdc', '[\"*\"]', NULL, NULL, '2024-08-01 02:58:10', '2024-08-01 02:58:10'),
(9, 'App\\Models\\User', 7, 'authToken', '84c8c073d454a79721e820515d3e339e5f681fe9ee611d3604bff9cd701c3662', '[\"*\"]', NULL, NULL, '2024-08-01 03:00:09', '2024-08-01 03:00:09'),
(10, 'App\\Models\\User', 7, 'authToken', '9ea25fb944c5081302d1f75bf5e39961a5504ebb8f48e18f367f173e49a1fb95', '[\"*\"]', NULL, NULL, '2024-08-01 03:00:56', '2024-08-01 03:00:56'),
(11, 'App\\Models\\User', 7, 'authToken', 'a24275bd01285011813ab3efa7d1e70520e8b18fbe1aa0490f87e398faf558a6', '[\"*\"]', NULL, NULL, '2024-08-01 03:01:22', '2024-08-01 03:01:22'),
(12, 'App\\Models\\User', 7, 'authToken', 'f96d1568759c5a964e85b4a00d75325f4bbbf13b8e37e81c2f7b1efb906fa7fc', '[\"*\"]', NULL, NULL, '2024-08-01 03:02:39', '2024-08-01 03:02:39'),
(13, 'App\\Models\\User', 7, 'authToken', '2841095bcd3455ba962c849ab775e3221a068e34c1d589ced766e4ec9170a0b1', '[\"*\"]', NULL, NULL, '2024-08-01 03:04:57', '2024-08-01 03:04:57'),
(14, 'App\\Models\\User', 7, 'authToken', 'd4dae35e15e4960a7cd37dc2654ba8979bfb80aa301bc7683d0aef7f6c438913', '[\"*\"]', NULL, NULL, '2024-08-01 03:07:56', '2024-08-01 03:07:56'),
(15, 'App\\Models\\User', 7, 'authToken', 'b417825109af30ab0258bafa899c28968672c9294a5aefe0909c35067242b170', '[\"*\"]', NULL, NULL, '2024-08-01 03:14:22', '2024-08-01 03:14:22'),
(16, 'App\\Models\\User', 7, 'authToken', 'daa80eb32a2629cde1909ffce97bbd489ac6257c640670b492cab818e923ecf4', '[\"*\"]', NULL, NULL, '2024-08-01 03:15:37', '2024-08-01 03:15:37'),
(17, 'App\\Models\\User', 7, 'authToken', 'bc35b164c62af39866f9c350b656ab591b1d29c863d86aa10e87c1cf68c423c6', '[\"*\"]', NULL, NULL, '2024-08-01 07:04:13', '2024-08-01 07:04:13'),
(18, 'App\\Models\\User', 7, 'authToken', '84b5cddddfc8d4da09bd9ad30de094db74dfe62a12015b2cccfd0b5c93e4c006', '[\"*\"]', NULL, NULL, '2024-08-01 07:35:08', '2024-08-01 07:35:08'),
(19, 'App\\Models\\User', 7, 'authToken', '2cdb69c195cf42b4817cb36279ed0b3ebb5a94bcb9eff62f70b04a4ccf563d9c', '[\"*\"]', NULL, NULL, '2024-08-01 23:43:02', '2024-08-01 23:43:02'),
(20, 'App\\Models\\User', 7, 'authToken', '7f519d4a7428335a77c3ea4ff1282e90f221ebc9c65a8825fe8a5b11b6d68e4e', '[\"*\"]', NULL, NULL, '2024-08-01 23:49:40', '2024-08-01 23:49:40'),
(21, 'App\\Models\\User', 7, 'authToken', '6cc8d39a645bd4825c7f91997be8e1d9eaf545d5d04b754737b88ea3a6607d64', '[\"*\"]', NULL, NULL, '2024-08-01 23:53:35', '2024-08-01 23:53:35'),
(22, 'App\\Models\\User', 7, 'authToken', 'efa6222aa9f98a31bae7fc3368dc076285649a36000c6144839a96d6987bcd64', '[\"*\"]', NULL, NULL, '2024-08-02 00:06:52', '2024-08-02 00:06:52'),
(23, 'App\\Models\\User', 7, 'authToken', '9450bb3a93d4721df51683f810696a184925619131c847d6c2f41258109d184b', '[\"*\"]', NULL, NULL, '2024-08-02 00:12:27', '2024-08-02 00:12:27'),
(24, 'App\\Models\\User', 7, 'authToken', 'a946d4f9f8b8061551312f0fa0b6cf2f3cf0854e291fa4c5be0d1691d1c84991', '[\"*\"]', NULL, NULL, '2024-08-02 00:16:30', '2024-08-02 00:16:30'),
(25, 'App\\Models\\User', 7, 'authToken', 'bd8e5f5ce5c7841d6c00eace52f784b962fda2695aa097dfee9d49212d865bf3', '[\"*\"]', NULL, NULL, '2024-08-02 00:17:54', '2024-08-02 00:17:54'),
(26, 'App\\Models\\User', 7, 'authToken', '54a96af78e046b60f9b6e60e73c8dc6d5da28acb80089af5e18b5b8b3b99fdcd', '[\"*\"]', NULL, NULL, '2024-08-02 00:21:02', '2024-08-02 00:21:02'),
(27, 'App\\Models\\User', 7, 'authToken', 'f6e9a4cc54a65c50195082b297c587cf3f26f1c590d12fb165e57637b6882a9d', '[\"*\"]', NULL, NULL, '2024-08-02 00:22:15', '2024-08-02 00:22:15'),
(28, 'App\\Models\\User', 7, 'authToken', '6cbf33fa33cf66a54441fa19349cbad53e7230b001f13b56b77461d373b2fdd1', '[\"*\"]', NULL, NULL, '2024-08-02 00:22:48', '2024-08-02 00:22:48'),
(29, 'App\\Models\\User', 7, 'authToken', '3855e1a7eb53664a79275ad820b6bc10142ca8aef3069f34bc851a005127c57a', '[\"*\"]', NULL, NULL, '2024-08-02 00:25:12', '2024-08-02 00:25:12'),
(30, 'App\\Models\\User', 7, 'authToken', '5cf253369f09863cb5e3fb60b44d970e88dc0f3565deb5b6ec415ab5f611e766', '[\"*\"]', NULL, NULL, '2024-08-02 00:52:39', '2024-08-02 00:52:39'),
(31, 'App\\Models\\User', 7, 'authToken', '36c54b173fbeed7be86f1c3033ac4d0ad8c5f8a5024a3a2fcf7371b0d6dff9c5', '[\"*\"]', NULL, NULL, '2024-08-02 02:24:03', '2024-08-02 02:24:03'),
(32, 'App\\Models\\User', 7, 'authToken', 'e868abd7c9e03870621fa23d8c37f44f6f08f904067a893cc6390e22738cc2ae', '[\"*\"]', NULL, NULL, '2024-08-02 02:25:33', '2024-08-02 02:25:33'),
(33, 'App\\Models\\User', 7, 'authToken', '9d5af95046b8ea1577f99f3e12a429e1cc3f3f3b6475a83ee31b71c89712820f', '[\"*\"]', NULL, NULL, '2024-08-02 02:54:54', '2024-08-02 02:54:54'),
(34, 'App\\Models\\User', 7, 'authToken', '2dd00ceb1656c0b08490b7d71665f48bb84613ea9dddb02a473528cc48477979', '[\"*\"]', NULL, NULL, '2024-08-02 02:56:40', '2024-08-02 02:56:40'),
(35, 'App\\Models\\User', 7, 'authToken', '76d39c70af045c08a7e1e7ecdfc01d32bb04a353d069aa9510b23acf3bbdd617', '[\"*\"]', NULL, NULL, '2024-08-02 03:11:43', '2024-08-02 03:11:43'),
(36, 'App\\Models\\User', 7, 'authToken', '274165881ed66938d30aa7158c51e8924eb384c874b18c4faf0716cb822257d8', '[\"*\"]', NULL, NULL, '2024-08-02 04:05:06', '2024-08-02 04:05:06'),
(37, 'App\\Models\\User', 7, 'authToken', 'e3ed3944916945d57f634ba9803245c9ae52a19f3dc48e8a4aa313e9760c2433', '[\"*\"]', NULL, NULL, '2024-08-02 04:15:15', '2024-08-02 04:15:15'),
(38, 'App\\Models\\User', 7, 'authToken', '664fe4e2ee7090b9adb9e904375100c66ef6196c8762aef495173ebc3ab6ac17', '[\"*\"]', NULL, NULL, '2024-08-02 05:04:25', '2024-08-02 05:04:25'),
(39, 'App\\Models\\User', 7, 'authToken', '32934e990d4f7199547d192ec818d39eb06abb6321d7765f0edc49f31e692d41', '[\"*\"]', NULL, NULL, '2024-08-02 05:34:16', '2024-08-02 05:34:16'),
(40, 'App\\Models\\User', 7, 'authToken', 'e6f0f7b35a16daea11c2e192229f036ddd711adefc74ac43df7507362f15a837', '[\"*\"]', NULL, NULL, '2024-08-02 05:56:05', '2024-08-02 05:56:05'),
(41, 'App\\Models\\User', 7, 'authToken', 'b132e58697f7ec632e8d588c21221939eaa7336e6ac477811f707d4770fa4d5a', '[\"*\"]', NULL, NULL, '2024-08-02 05:58:22', '2024-08-02 05:58:22'),
(42, 'App\\Models\\User', 7, 'authToken', 'ed45fdd7d6c80ee36bd3922ff9ff78a589331a666fd2693d6ef05455d0b2edc0', '[\"*\"]', NULL, NULL, '2024-08-02 05:59:34', '2024-08-02 05:59:34'),
(43, 'App\\Models\\User', 7, 'authToken', '3de511a71553e142201e907f3eedd9dab9419637222168f9c1ffb09a15e2ad3a', '[\"*\"]', NULL, NULL, '2024-08-02 06:00:02', '2024-08-02 06:00:02'),
(44, 'App\\Models\\User', 7, 'authToken', '31cc06155f662d6c91471f420bc710a2424f57e0f5718e9d5ba288ac49a232fd', '[\"*\"]', NULL, NULL, '2024-08-02 06:29:05', '2024-08-02 06:29:05'),
(45, 'App\\Models\\User', 7, 'authToken', '0223d0a214a875c76a591133c194039ebf6a6a89a40d80e4d852b9f657f2a4e8', '[\"*\"]', NULL, NULL, '2024-08-02 06:37:35', '2024-08-02 06:37:35'),
(46, 'App\\Models\\User', 7, 'authToken', '87d4962e2e166be0b7121857c9b438317a091f90f29047c581eec3d61e0a93a7', '[\"*\"]', NULL, NULL, '2024-08-03 03:24:00', '2024-08-03 03:24:00'),
(47, 'App\\Models\\User', 7, 'authToken', '7e9b1ceebfe45c6810d84b7720aba3b386105641d0d00e8a2de0be7021762f29', '[\"*\"]', NULL, NULL, '2024-08-03 03:25:45', '2024-08-03 03:25:45'),
(48, 'App\\Models\\User', 7, 'authToken', '33354bfe01e94936c9e54d589e85058493f6d9a6e91b312608e8c918368c0659', '[\"*\"]', NULL, NULL, '2024-08-03 03:26:24', '2024-08-03 03:26:24'),
(49, 'App\\Models\\User', 7, 'authToken', '052064492f45f8492819175eef61d0f4e492973bb8a0fb942215e388e4672838', '[\"*\"]', NULL, NULL, '2024-08-03 03:31:02', '2024-08-03 03:31:02'),
(50, 'App\\Models\\User', 7, 'authToken', 'f782bae60c3148a95725fc7a0a8ed016c88e2bf57048a6145f50e9d7851bcddf', '[\"*\"]', NULL, NULL, '2024-08-03 03:34:02', '2024-08-03 03:34:02'),
(51, 'App\\Models\\User', 7, 'authToken', 'c1cfe3c778759b5bb39d35a89ebee0a8acda93fb0b2b6fca2d242f14650b4998', '[\"*\"]', NULL, NULL, '2024-08-03 03:34:22', '2024-08-03 03:34:22'),
(52, 'App\\Models\\User', 7, 'authToken', '633da8723f377ecc8ce9a0b3ce8ef113d96c08a0da693e47c2bcfe1eee5c80c2', '[\"*\"]', NULL, NULL, '2024-08-03 03:34:43', '2024-08-03 03:34:43'),
(53, 'App\\Models\\User', 7, 'authToken', '71344385446848107ab73accd4c4633e29b132db66e254e70c81a447598f35d8', '[\"*\"]', NULL, NULL, '2024-08-03 03:35:49', '2024-08-03 03:35:49'),
(54, 'App\\Models\\User', 7, 'authToken', '4de1b5eb03c8e5c86fb767cbc070cfe5636e3b5fe21a584ec9a0259ce8ad166f', '[\"*\"]', NULL, NULL, '2024-08-03 03:36:12', '2024-08-03 03:36:12'),
(55, 'App\\Models\\User', 7, 'authToken', 'd0cd5e810e5880568fd560b325649943feb9dc5fa357a58f4f8313329da206ba', '[\"*\"]', NULL, NULL, '2024-08-03 03:38:43', '2024-08-03 03:38:43'),
(56, 'App\\Models\\User', 7, 'authToken', 'a56b1e0ad0414e5bcf1384bdd31e269f50d9168b7ebba598939a32d4dd886848', '[\"*\"]', NULL, NULL, '2024-08-03 03:42:34', '2024-08-03 03:42:34'),
(57, 'App\\Models\\User', 7, 'authToken', '7eecc69bf9f696b4e053cf01cecb5404caab89a80ff5d570a0d8b33decae3f0c', '[\"*\"]', NULL, NULL, '2024-08-03 03:44:54', '2024-08-03 03:44:54'),
(58, 'App\\Models\\User', 7, 'authToken', 'e6392fc0caf309b8c83c282b34bccf08ecc97a21cfec32ba20a2b46595e3e6b7', '[\"*\"]', NULL, NULL, '2024-08-03 03:46:41', '2024-08-03 03:46:41'),
(59, 'App\\Models\\User', 7, 'authToken', '53bdb1586d4201ba11ff7d3a0692b652db186d06ea429433bb393f06bcbd68cb', '[\"*\"]', NULL, NULL, '2024-08-03 06:27:56', '2024-08-03 06:27:56'),
(60, 'App\\Models\\User', 7, 'authToken', '9fea59663da38a87d065bca3a469cd609c2bbd1123c20eed1de5bbbea19c0097', '[\"*\"]', NULL, NULL, '2024-08-03 07:25:24', '2024-08-03 07:25:24'),
(61, 'App\\Models\\User', 7, 'authToken', '1f615246dd98e20ec3e895199dbe02c9b72099509ec9abee3452ac14c72e2306', '[\"*\"]', NULL, NULL, '2024-08-03 07:31:34', '2024-08-03 07:31:34'),
(62, 'App\\Models\\User', 7, 'authToken', '189f4dea20015896ab86cae984ddd17aa71899a2586cfdcf39cd6fd160f86291', '[\"*\"]', NULL, NULL, '2024-08-03 07:56:35', '2024-08-03 07:56:35'),
(63, 'App\\Models\\User', 7, 'authToken', '427958af30ada444f1a7532538f3216bfbe273908822e5f1dfeae03bb1908f33', '[\"*\"]', NULL, NULL, '2024-08-03 23:25:23', '2024-08-03 23:25:23'),
(64, 'App\\Models\\User', 7, 'authToken', '3709fa93047e5865bbf6a447265d993379cdf084f4697ad260850f30dd48bc15', '[\"*\"]', NULL, NULL, '2024-08-03 23:48:34', '2024-08-03 23:48:34'),
(65, 'App\\Models\\User', 7, 'authToken', '7c979bd380fb070a8f230edaa6658daf402d374acbcecf9d5d2d9eb65cfa9e94', '[\"*\"]', NULL, NULL, '2024-08-03 23:54:51', '2024-08-03 23:54:51'),
(66, 'App\\Models\\User', 7, 'authToken', '70514126d50375612c4eee4489ca5f2617def8d48e6536611b96ec8b743bc2c9', '[\"*\"]', NULL, NULL, '2024-08-04 01:18:17', '2024-08-04 01:18:17'),
(67, 'App\\Models\\User', 7, 'authToken', 'bf599c5ca015c9c6097cc01b4b6de15958d8c95a681fb5c7270ba4ddd2cf58c6', '[\"*\"]', NULL, NULL, '2024-08-04 01:19:01', '2024-08-04 01:19:01'),
(68, 'App\\Models\\User', 7, 'authToken', 'b7fa5a2242d44fd29ac69202c456675ba8bd7b468c3f6c4469ce7250ce767869', '[\"*\"]', NULL, NULL, '2024-08-04 07:04:29', '2024-08-04 07:04:29'),
(69, 'App\\Models\\User', 7, 'authToken', 'a9c21adaac66bc2149a771db3fc645f6ffc1bfb9b8ce467406a8970761f33729', '[\"*\"]', NULL, NULL, '2024-08-04 23:16:07', '2024-08-04 23:16:07'),
(70, 'App\\Models\\User', 7, 'authToken', '6b68c05bdcf81d66dcd5c5da9c8f65f22a9ad7571214be103d2da3e0c77dba7d', '[\"*\"]', NULL, NULL, '2024-08-04 23:48:42', '2024-08-04 23:48:42'),
(71, 'App\\Models\\User', 7, 'authToken', '121ecc472c885b341edab116a8a7d3aaf8749ef5c2e42aa1708d3b81b24a1a3f', '[\"*\"]', NULL, NULL, '2024-08-05 00:15:02', '2024-08-05 00:15:02'),
(72, 'App\\Models\\User', 7, 'authToken', 'fbef85557954a2360a69a59772a2ab79e2280977ba61e3204e9fe08dfba72551', '[\"*\"]', NULL, NULL, '2024-08-05 00:19:16', '2024-08-05 00:19:16'),
(73, 'App\\Models\\User', 7, 'authToken', '7e1604bcda7c36079b761403bc4aa1c3b99a7328228f5a4a2ea885e65fd38d52', '[\"*\"]', NULL, NULL, '2024-08-05 00:20:31', '2024-08-05 00:20:31'),
(74, 'App\\Models\\User', 7, 'authToken', 'db490b99738b21d952993c7371f716c6598132ec5a4d65983e5bbfcaae23367d', '[\"*\"]', NULL, NULL, '2024-08-05 00:31:19', '2024-08-05 00:31:19'),
(75, 'App\\Models\\User', 7, 'authToken', '7cbd635243a0106329cf28eba02a83d7a1fa4bf9055978a2dd4b30db323f67aa', '[\"*\"]', NULL, NULL, '2024-08-05 00:31:58', '2024-08-05 00:31:58'),
(76, 'App\\Models\\User', 7, 'authToken', '5dc6eba84ae303e0a1e9be0f7d72abc5b9c357303ef55ce3332fb556e805b3d0', '[\"*\"]', NULL, NULL, '2024-08-05 00:32:51', '2024-08-05 00:32:51'),
(77, 'App\\Models\\User', 7, 'authToken', 'cdd43d09249fd06795217f88a4e7da748c05b3611bb9e2eeee310105a468cc84', '[\"*\"]', NULL, NULL, '2024-08-05 00:35:42', '2024-08-05 00:35:42'),
(78, 'App\\Models\\User', 7, 'authToken', 'd064f49b3ec758f905f0c7174e6ac16b00bd34217fa3001142a797b0782e40f6', '[\"*\"]', NULL, NULL, '2024-08-05 00:50:09', '2024-08-05 00:50:09'),
(79, 'App\\Models\\User', 7, 'authToken', 'bf0e7240d8433ed4e8d92a76b4adb92d63a2edcc0206d03213b9836b6b4ddad0', '[\"*\"]', NULL, NULL, '2024-08-05 01:24:34', '2024-08-05 01:24:34'),
(80, 'App\\Models\\User', 7, 'authToken', '06c1d47b7ad8b6ad91e4704538e36ae17baff576b7b7db0cf516685dcbebbbf2', '[\"*\"]', NULL, NULL, '2024-08-05 01:26:45', '2024-08-05 01:26:45'),
(81, 'App\\Models\\User', 7, 'authToken', '45673fd4813ad013b55476e6a29f55c4118a72b5283eae76be52e7c33bf44d45', '[\"*\"]', NULL, NULL, '2024-08-05 04:19:53', '2024-08-05 04:19:53'),
(82, 'App\\Models\\User', 7, 'authToken', 'dc1391ebd006162af86e16855674e519070c87c53ea741719f90d5982252e685', '[\"*\"]', NULL, NULL, '2024-08-05 05:45:33', '2024-08-05 05:45:33'),
(83, 'App\\Models\\User', 7, 'authToken', 'e5feac571fb3c404f45e5cefc847c89f6c74af05730db1fd32b4cb1b49002eed', '[\"*\"]', NULL, NULL, '2024-08-05 05:55:59', '2024-08-05 05:55:59'),
(84, 'App\\Models\\User', 7, 'authToken', 'f4792226ad7fe5101854fb9ae67c365ce88306df128e770b537431b9c5f60430', '[\"*\"]', NULL, NULL, '2024-08-05 06:01:08', '2024-08-05 06:01:08'),
(85, 'App\\Models\\User', 7, 'authToken', '3acf23d92aa9af5a7cad7e041b68267a5e5a0d4e57dd9dcec1d57de17daa71cc', '[\"*\"]', NULL, NULL, '2024-08-05 06:03:42', '2024-08-05 06:03:42'),
(86, 'App\\Models\\User', 7, 'authToken', '90935046cff03ee7c3238d1baac0c433494e6786bc565b2a3e7b6683300b9b38', '[\"*\"]', NULL, NULL, '2024-08-05 07:33:28', '2024-08-05 07:33:28'),
(87, 'App\\Models\\User', 7, 'authToken', '533186ea8f1d765aafb5a29bc8daae073e97f8b5b478b9227db53ee1e34402c8', '[\"*\"]', NULL, NULL, '2024-08-06 00:02:56', '2024-08-06 00:02:56'),
(88, 'App\\Models\\User', 7, 'authToken', '737124661c123481dd81465ff5c8aecc60e408389c1de6fd9ef5b0ae501c7696', '[\"*\"]', NULL, NULL, '2024-08-06 00:04:18', '2024-08-06 00:04:18'),
(89, 'App\\Models\\User', 7, 'authToken', '235810357319602c5b2dd5eb225faf7b75854fbff3e105203b2d8b89dba74168', '[\"*\"]', NULL, NULL, '2024-08-06 00:24:17', '2024-08-06 00:24:17'),
(90, 'App\\Models\\User', 7, 'authToken', '9f74f945806e791eca726f52babb2f0a5099658dea388de7e9faa8dc1bec6025', '[\"*\"]', NULL, NULL, '2024-08-06 01:56:11', '2024-08-06 01:56:11'),
(91, 'App\\Models\\User', 7, 'authToken', '2b80f6eee40c0a482831604fb77b5f78a66def85e8677eac6c1547961cb82e03', '[\"*\"]', NULL, NULL, '2024-08-06 05:42:54', '2024-08-06 05:42:54'),
(92, 'App\\Models\\User', 7, 'authToken', '80c3bd327da49764112d6c35f49fd9931614b36a166282756d0aa6d555786813', '[\"*\"]', NULL, NULL, '2024-08-06 06:00:14', '2024-08-06 06:00:14'),
(93, 'App\\Models\\User', 7, 'authToken', '19236fe582b74419105e957b077d2d0f0f73be6810cfba6b2647ec5dba25b6a5', '[\"*\"]', NULL, NULL, '2024-08-07 00:31:23', '2024-08-07 00:31:23'),
(94, 'App\\Models\\User', 7, 'authToken', 'aec505ca915057d4125efc4b628b18328113379eab091c39995e1b8254afd3a1', '[\"*\"]', NULL, NULL, '2024-08-07 00:45:02', '2024-08-07 00:45:02'),
(95, 'App\\Models\\User', 86, 'authToken', '48b617e14ea29325f182bf258b2148789c4168ed575d613eaec8e8d9a13fcc9f', '[\"*\"]', NULL, NULL, '2024-08-07 01:03:30', '2024-08-07 01:03:30'),
(96, 'App\\Models\\User', 86, 'authToken', '5af11147bd1ac93be22ecd5d1509b23b1d79af129fa9370a763e83f96bda1ca7', '[\"*\"]', NULL, NULL, '2024-08-07 01:04:31', '2024-08-07 01:04:31'),
(97, 'App\\Models\\User', 86, 'authToken', '78a20fd63e413d1ea054be3d0966fde18bfc08e01718144fd618b563b794233f', '[\"*\"]', NULL, NULL, '2024-08-07 01:05:40', '2024-08-07 01:05:40'),
(98, 'App\\Models\\User', 86, 'authToken', '77d0c969e44ed9bfdefbb2ee4215fbac8af7c3b2fb87701737249bbb6ba1d42d', '[\"*\"]', NULL, NULL, '2024-08-07 01:13:30', '2024-08-07 01:13:30'),
(99, 'App\\Models\\User', 86, 'authToken', '4de4095e5777420be410a6f7d31e9582fdc3f7d6dbb6be52b7c662c586659d79', '[\"*\"]', NULL, NULL, '2024-08-07 01:15:42', '2024-08-07 01:15:42'),
(100, 'App\\Models\\User', 86, 'authToken', 'ee05d0f9148be66c2aa2d0efe9fe1bf65a1f5475d46b83985e791a5a2d261adc', '[\"*\"]', NULL, NULL, '2024-08-07 01:17:38', '2024-08-07 01:17:38'),
(101, 'App\\Models\\User', 86, 'authToken', '5ad95c3ea20aca156d8564e11ac6e7d88c3ccf41a19aebc644e7da3b3ddc16f0', '[\"*\"]', NULL, NULL, '2024-08-07 01:20:18', '2024-08-07 01:20:18'),
(102, 'App\\Models\\User', 7, 'authToken', '85b6c077b9d9b0110504a18c8bad1161b2271781f78e2b77e96903975c1fcd86', '[\"*\"]', NULL, NULL, '2024-08-07 01:34:33', '2024-08-07 01:34:33'),
(103, 'App\\Models\\User', 7, 'authToken', '597d200b0cd808b1af38610283d96e2a1c313bf6994763866c67f7bc4a167602', '[\"*\"]', NULL, NULL, '2024-08-07 01:36:54', '2024-08-07 01:36:54'),
(104, 'App\\Models\\User', 7, 'authToken', 'ac6e254a89823abc10bad156888f2d3dcfbe1ba2dbdd934fb31e260f9d3c6273', '[\"*\"]', NULL, NULL, '2024-08-07 01:48:07', '2024-08-07 01:48:07'),
(105, 'App\\Models\\User', 7, 'authToken', '980cf7f72efe2b7f0baaa06c6aaa113cde3e1db1e67c6885979a3a5501bf7457', '[\"*\"]', NULL, NULL, '2024-08-07 01:50:49', '2024-08-07 01:50:49'),
(106, 'App\\Models\\User', 7, 'authToken', '05a1cd5098774bc550dcde5f2a248343e64d98cc5515b83b7a2216d44f355031', '[\"*\"]', NULL, NULL, '2024-08-07 02:10:12', '2024-08-07 02:10:12'),
(107, 'App\\Models\\User', 7, 'authToken', '7f7f6fe4e07f0dec49184c10fd8afd85d4666c2b62344f05359df9b304d1a2e5', '[\"*\"]', NULL, NULL, '2024-08-07 02:22:56', '2024-08-07 02:22:56'),
(108, 'App\\Models\\User', 7, 'authToken', 'be9b4013fdcf5c96540f54efad5fc0ed984b50b13a19c24c7635df98e049b35d', '[\"*\"]', NULL, NULL, '2024-08-07 04:08:13', '2024-08-07 04:08:13'),
(109, 'App\\Models\\User', 7, 'authToken', '008707a99b3ca2422c6e24660a5c6bf27c3765d058bcf585f0a4718742bb1282', '[\"*\"]', NULL, NULL, '2024-08-07 04:14:23', '2024-08-07 04:14:23'),
(110, 'App\\Models\\User', 7, 'authToken', '347a94b8f5f820f48b5d7e5e0eb299bad45f9cf0cf7ba7f9aa378d8bb0fd5048', '[\"*\"]', NULL, NULL, '2024-08-07 04:29:01', '2024-08-07 04:29:01'),
(111, 'App\\Models\\User', 86, 'authToken', '866b03fa6c37d8985bc522b0f78a7947bc0edde7712b9759e5cfb7813bfb70a9', '[\"*\"]', NULL, NULL, '2024-08-07 04:35:58', '2024-08-07 04:35:58'),
(112, 'App\\Models\\User', 86, 'authToken', 'd0d167110884329bfd7be9bb3d2530bd72b66487712ad05755b604bd7e9c9e74', '[\"*\"]', NULL, NULL, '2024-08-07 04:39:13', '2024-08-07 04:39:13'),
(113, 'App\\Models\\User', 7, 'authToken', '17bbda158d75e7ee4dd00e37083e2f5c600002072c058080bc041c7b4577ca60', '[\"*\"]', NULL, NULL, '2024-08-07 04:43:11', '2024-08-07 04:43:11'),
(114, 'App\\Models\\User', 7, 'authToken', '9d16936ab19858228f6e9a4d10d4b285e103e482ec3deda93a38ec31a3c7ba33', '[\"*\"]', NULL, NULL, '2024-08-07 04:47:22', '2024-08-07 04:47:22'),
(115, 'App\\Models\\User', 86, 'authToken', 'ee0120c2a88b346fc86a203861fe2ed73c55b718e69e828738bccf3264daf4ec', '[\"*\"]', NULL, NULL, '2024-08-07 04:49:33', '2024-08-07 04:49:33'),
(116, 'App\\Models\\User', 87, 'authToken', 'a401186df42d0260d20106de10a040052e7b9084bbf577afba6b8004e3fd62d8', '[\"*\"]', NULL, NULL, '2024-08-07 05:06:11', '2024-08-07 05:06:11'),
(117, 'App\\Models\\User', 86, 'authToken', '694050818e7e72597442a66bebbf2ce4766c23a61fbe47ca44ac9ea7eeb4b5dc', '[\"*\"]', NULL, NULL, '2024-08-07 05:19:07', '2024-08-07 05:19:07'),
(118, 'App\\Models\\User', 7, 'authToken', '07f0a5ba323bcd487db080350d8bd03897e2907f544d0f12dde3d829a11b83d1', '[\"*\"]', NULL, NULL, '2024-08-07 05:19:38', '2024-08-07 05:19:38'),
(119, 'App\\Models\\User', 7, 'authToken', 'f98333d7bb6f8d4ea1b54736760cea54f7c0f69ef9e5e2813f4616543576fc99', '[\"*\"]', NULL, NULL, '2024-08-07 05:49:11', '2024-08-07 05:49:11'),
(120, 'App\\Models\\User', 7, 'authToken', '51ed585876e8ed7eaeec39b11057b47af13e022f309c80160a402ad3e207bb77', '[\"*\"]', NULL, NULL, '2024-08-07 06:12:50', '2024-08-07 06:12:50'),
(121, 'App\\Models\\User', 7, 'authToken', 'a504f02e260f4fe98055f59ed36ba57bd644d63a6c79d31ad30413f0af45e295', '[\"*\"]', NULL, NULL, '2024-08-07 06:37:16', '2024-08-07 06:37:16'),
(122, 'App\\Models\\User', 86, 'authToken', '9d134e234e3ed281fd3c4fac2c80656305fe716238726e73c0048bb03ec84002', '[\"*\"]', NULL, NULL, '2024-08-07 06:55:06', '2024-08-07 06:55:06'),
(123, 'App\\Models\\User', 7, 'authToken', 'b638966bbc6f2ed0045f7cb3b5ffd0de6d895ad855e9a16b2b52ca09df540bf7', '[\"*\"]', NULL, NULL, '2024-08-07 23:05:11', '2024-08-07 23:05:11'),
(124, 'App\\Models\\User', 7, 'authToken', '9caf5624fdfd758d5c6544df6671da2dfe24ffc06c5569362b83a89f0b6d0a58', '[\"*\"]', NULL, NULL, '2024-08-08 02:36:37', '2024-08-08 02:36:37'),
(125, 'App\\Models\\User', 7, 'authToken', '6f82286ea2d4bec950b61ffeeb7c7e6afbb3473392b273641d53494550c1eca4', '[\"*\"]', NULL, NULL, '2024-08-08 03:28:43', '2024-08-08 03:28:43'),
(126, 'App\\Models\\User', 7, 'authToken', 'ac2037fac075b4fb99950608d8a1a9932a23ba27a9e573dd62821a2b777286be', '[\"*\"]', NULL, NULL, '2024-08-08 03:35:06', '2024-08-08 03:35:06'),
(127, 'App\\Models\\User', 7, 'authToken', 'cf56e36e4575b9023344505200052bb8a5219e484aa8265598cd8cce0eba2fb9', '[\"*\"]', NULL, NULL, '2024-08-08 04:29:08', '2024-08-08 04:29:08'),
(128, 'App\\Models\\User', 86, 'authToken', '96f05d29edca2b8823092687adcbb790be2a236ff29d43b5a6f053820b60a367', '[\"*\"]', NULL, NULL, '2024-08-08 05:36:58', '2024-08-08 05:36:58'),
(129, 'App\\Models\\User', 76, 'authToken', '6fee06067c953c8f19133e80a627409541b86e2b47a781bbc0ed43f78e5a5506', '[\"*\"]', NULL, NULL, '2024-08-08 05:48:38', '2024-08-08 05:48:38'),
(130, 'App\\Models\\User', 7, 'authToken', '1c6f4ba34f71c2ce0c20246a8e5bc71fd9c85d981993ff2222d39d01c832e74c', '[\"*\"]', NULL, NULL, '2024-08-08 06:11:21', '2024-08-08 06:11:21'),
(131, 'App\\Models\\User', 7, 'authToken', 'dabf18bb3f7220c303f05ceb9cfe45e1474b4c240e2005179ca14004690aad13', '[\"*\"]', NULL, NULL, '2024-08-08 06:12:13', '2024-08-08 06:12:13'),
(132, 'App\\Models\\User', 86, 'authToken', 'd72a10565185b71cb1c6c45bdea206555d4bb5a92a02171eb88e6da4ba068b53', '[\"*\"]', NULL, NULL, '2024-08-08 06:14:58', '2024-08-08 06:14:58'),
(133, 'App\\Models\\User', 7, 'authToken', 'ef7146511b1e3da3bbf294ee879bceaa5a751f67e86c2661313f885e0aad0e5c', '[\"*\"]', NULL, NULL, '2024-08-08 06:22:19', '2024-08-08 06:22:19'),
(134, 'App\\Models\\User', 86, 'authToken', 'f01b85ee16d48ec027713389daa6c5aed0a672a7b52c4043f267518f7a234053', '[\"*\"]', NULL, NULL, '2024-08-09 01:03:37', '2024-08-09 01:03:37'),
(135, 'App\\Models\\User', 86, 'authToken', 'dc220f5b9ca3286614cba2a63cac68578a623de830c0ba8d0347bed1aa46962d', '[\"*\"]', NULL, NULL, '2024-08-09 01:08:20', '2024-08-09 01:08:20'),
(136, 'App\\Models\\User', 86, 'authToken', 'ba90f6661423f123343d7744dc12782cb1e1229936dc462a67c6d2bb0056e472', '[\"*\"]', NULL, NULL, '2024-08-09 01:14:25', '2024-08-09 01:14:25'),
(137, 'App\\Models\\User', 86, 'authToken', 'c2225600b2c232bb0a0e65750354641a89281e0c942abafab115455370ecafe6', '[\"*\"]', NULL, NULL, '2024-08-09 01:15:17', '2024-08-09 01:15:17'),
(138, 'App\\Models\\User', 86, 'authToken', '1844d0bb24ce1bbf14df34caa710f5b642a85ce2296572e7ca62f3889facbbff', '[\"*\"]', NULL, NULL, '2024-08-09 01:32:32', '2024-08-09 01:32:32'),
(139, 'App\\Models\\User', 86, 'authToken', 'e81b0f49bc701a99c74082d3205b218a7f9ce76a3006e02222208c25cfe615e1', '[\"*\"]', NULL, NULL, '2024-08-09 01:46:32', '2024-08-09 01:46:32'),
(140, 'App\\Models\\User', 86, 'authToken', 'b2559c90bd84ebe8ea9cec1808fccc8a26d003418b2841e548b7f5e85cbc5c4b', '[\"*\"]', NULL, NULL, '2024-08-09 03:19:57', '2024-08-09 03:19:57'),
(141, 'App\\Models\\User', 7, 'authToken', '609726134c3940c65bd8b5b698885dd5586926b269899c12944c541cf29eeedf', '[\"*\"]', NULL, NULL, '2024-08-09 03:46:52', '2024-08-09 03:46:52'),
(142, 'App\\Models\\User', 86, 'authToken', '1ed9cd08f143de962fdecd3e3f2b995ba20fa8802e0f80e9fefc6c2875f1dc1b', '[\"*\"]', NULL, NULL, '2024-08-09 04:20:17', '2024-08-09 04:20:17'),
(143, 'App\\Models\\User', 86, 'authToken', 'f838bbdb26a4fa095a279e270b06e2240b92deb4c1a30c675da4fbc525b7b377', '[\"*\"]', NULL, NULL, '2024-08-09 04:21:00', '2024-08-09 04:21:00'),
(144, 'App\\Models\\User', 86, 'authToken', '0c66c5d9c34314b2104244afa9e8392670525532d29cfc52e164d0db233ac463', '[\"*\"]', NULL, NULL, '2024-08-09 04:55:51', '2024-08-09 04:55:51'),
(145, 'App\\Models\\User', 86, 'authToken', 'c67ba5f27029d612ea667eacbd57a33b186ab97b6b25a0bc87d003ccfaeb5bc1', '[\"*\"]', NULL, NULL, '2024-08-09 05:01:47', '2024-08-09 05:01:47'),
(146, 'App\\Models\\User', 86, 'authToken', '70eff9bada0ac4a2dc9e1c5926533c515ecd8fcf69d232d24c3085f7b9b219fa', '[\"*\"]', NULL, NULL, '2024-08-09 05:50:07', '2024-08-09 05:50:07'),
(147, 'App\\Models\\User', 87, 'authToken', 'f80d78d49c7ded2c1322e530d98d7191b7380de5dfcc8328ec44f8c4fe92d279', '[\"*\"]', NULL, NULL, '2024-08-09 06:20:01', '2024-08-09 06:20:01'),
(148, 'App\\Models\\User', 86, 'authToken', '8e27269c2ad6506f764dedf3b19c156a92a4fa3e7cf4ae9a061cdeaa24348076', '[\"*\"]', NULL, NULL, '2024-08-09 06:28:10', '2024-08-09 06:28:10'),
(149, 'App\\Models\\User', 99, 'authToken', 'b4bc653c2cb71cb22ca3fd4029d4dadb345fe3317cda03f017f438bcb6c7cdcf', '[\"*\"]', NULL, NULL, '2024-08-09 06:29:29', '2024-08-09 06:29:29'),
(150, 'App\\Models\\User', 99, 'authToken', '85af0e3e01b69be08059ef8fd687bf3d05bfed1f52e5f2d404b3c0b76b625f5a', '[\"*\"]', NULL, NULL, '2024-08-09 06:30:15', '2024-08-09 06:30:15'),
(151, 'App\\Models\\User', 86, 'authToken', '2c25ec9796bf86b07f43293a69e964e0a00d4977fe26bf8327cbff3f10290185', '[\"*\"]', NULL, NULL, '2024-08-09 06:34:32', '2024-08-09 06:34:32'),
(152, 'App\\Models\\User', 99, 'authToken', 'dbb48f6fbed1776aaf6c2dd0eec58b31329a22a50901e4635b43519e3df3f4c8', '[\"*\"]', NULL, NULL, '2024-08-09 06:35:04', '2024-08-09 06:35:04'),
(153, 'App\\Models\\User', 99, 'authToken', 'd320676d14b2a0fecc93343397455b912fe30a6ef8502e10a2fac35f1463ba76', '[\"*\"]', NULL, NULL, '2024-08-09 06:37:34', '2024-08-09 06:37:34'),
(154, 'App\\Models\\User', 7, 'authToken', '09e1a9692461627c68e542772d65b9f969aa8a7680a3d3aa2bca7720c6777739', '[\"*\"]', NULL, NULL, '2024-08-09 07:21:09', '2024-08-09 07:21:09'),
(155, 'App\\Models\\User', 7, 'authToken', '346089cef860c4f1b2c456420ca6206ecac3d8280987c6a3117f3763c35ebf6b', '[\"*\"]', NULL, NULL, '2024-08-09 07:21:37', '2024-08-09 07:21:37'),
(156, 'App\\Models\\User', 86, 'authToken', '77b5ea91848bd7ddcecb74a555623a4d6b786faa8d44494c9a4cd7e0e98f1616', '[\"*\"]', NULL, NULL, '2024-08-09 07:24:37', '2024-08-09 07:24:37'),
(157, 'App\\Models\\User', 86, 'authToken', 'fdad501d7fd1a0cacbd5d55cfcc9e6e0bb89d9ed4f7405077c75b1c621e20aed', '[\"*\"]', NULL, NULL, '2024-08-09 07:35:22', '2024-08-09 07:35:22'),
(158, 'App\\Models\\User', 86, 'authToken', '955363e9b69af756171600b8c8fe93b3f8dcb9157ad312d00b80c858bfd2a9c2', '[\"*\"]', NULL, NULL, '2024-08-09 07:36:43', '2024-08-09 07:36:43'),
(159, 'App\\Models\\User', 7, 'authToken', 'edd64768414508270c6a147b0222f6e4cc7c7345d60442190c6d3d1a99dbe305', '[\"*\"]', NULL, NULL, '2024-08-09 07:44:54', '2024-08-09 07:44:54'),
(160, 'App\\Models\\User', 86, 'authToken', 'b0db8e098a5bb566f7c0640ae2d9b756855e550fa1574c75bfe0dc2e38085ad6', '[\"*\"]', NULL, NULL, '2024-08-09 07:46:27', '2024-08-09 07:46:27'),
(161, 'App\\Models\\User', 120, 'authToken', '53bd9fafee16a3d0cb588f404c35202e3b120400226d3ef8613662e43e878182', '[\"*\"]', NULL, NULL, '2024-08-11 23:17:34', '2024-08-11 23:17:34'),
(162, 'App\\Models\\User', 121, 'authToken', '7ef0dcdf92042245723d59e659d8a5f353fbf18304b3359bbb2789087dda91b1', '[\"*\"]', NULL, NULL, '2024-08-11 23:39:15', '2024-08-11 23:39:15'),
(163, 'App\\Models\\User', 121, 'authToken', 'b94bdf051e43b42730d0f4f9ec74440e188c3b49b2704d7fc1681ed222c5e58e', '[\"*\"]', NULL, NULL, '2024-08-11 23:40:11', '2024-08-11 23:40:11'),
(164, 'App\\Models\\User', 121, 'authToken', '1de2d37154879112c93ee31387bbb0c565124525f872f52a1ee4bf193cb67108', '[\"*\"]', NULL, NULL, '2024-08-12 00:24:18', '2024-08-12 00:24:18'),
(165, 'App\\Models\\User', 125, 'authToken', '2b035f2def1756e33d67ac8d9ea18cb0e42fed50eee9d7c92f8f35fbc43656a5', '[\"*\"]', NULL, NULL, '2024-08-12 00:47:11', '2024-08-12 00:47:11'),
(166, 'App\\Models\\User', 121, 'authToken', 'f41ab38003a15fe3ecd50d38ff814d3e32ad6dddaf93e136e97af7e4aa9bebd2', '[\"*\"]', NULL, NULL, '2024-08-12 01:19:53', '2024-08-12 01:19:53'),
(167, 'App\\Models\\User', 121, 'authToken', '9f1563c82266f8cc7383f19edfc9b0d88aac42a009a5560bec9b053d7f8e9caf', '[\"*\"]', NULL, NULL, '2024-08-12 01:26:46', '2024-08-12 01:26:46'),
(168, 'App\\Models\\User', 121, 'authToken', 'e6481872278fff4e48ec6e97b3f8cd099ac0f8a8bb0ad5a1c0a12d6358c45f1b', '[\"*\"]', NULL, NULL, '2024-08-12 02:01:57', '2024-08-12 02:01:57'),
(169, 'App\\Models\\User', 122, 'authToken', '67c530b41399336a12a526597d2a40f1530ef7325e92b196fd05782406cb24ed', '[\"*\"]', NULL, NULL, '2024-08-12 02:54:11', '2024-08-12 02:54:11'),
(170, 'App\\Models\\User', 121, 'authToken', 'ff5b727847364813a8b61e0c12d5074035d1fdbd846b17ac75b8a4a6a6c47c0e', '[\"*\"]', NULL, NULL, '2024-08-12 03:05:12', '2024-08-12 03:05:12'),
(171, 'App\\Models\\User', 139, 'authToken', '3a8f48cdd6ca519fd23844f72451a60057bf51cd0f107a76a84b056ed3d6f673', '[\"*\"]', NULL, NULL, '2024-08-12 03:17:08', '2024-08-12 03:17:08'),
(172, 'App\\Models\\User', 139, 'authToken', '9f4606bf19d5c73172a15b64e1b8971ed17b77953cd52663966ffa27f70ae029', '[\"*\"]', NULL, NULL, '2024-08-12 03:19:05', '2024-08-12 03:19:05'),
(173, 'App\\Models\\User', 139, 'authToken', '0f7b07dd84bd7ce0ad34c0e09e1f750be185615491bc030541cb1b54c069a713', '[\"*\"]', NULL, NULL, '2024-08-12 03:20:06', '2024-08-12 03:20:06'),
(174, 'App\\Models\\User', 125, 'authToken', 'f47185160546c5eafd4cb33844b2bf365d933f1031498cede99a72613b1152d5', '[\"*\"]', NULL, NULL, '2024-08-12 04:02:07', '2024-08-12 04:02:07'),
(175, 'App\\Models\\User', 140, 'authToken', 'd22430c9346cf64d9e3e147115f7f3b65eca4b7c90363c0a6b6e4210aa3b5daf', '[\"*\"]', NULL, NULL, '2024-08-12 04:39:35', '2024-08-12 04:39:35'),
(176, 'App\\Models\\User', 139, 'authToken', '5c557f373bee8534dfd1e14eca2ae588f605a6786c4fc09a333e0e7b0941109d', '[\"*\"]', NULL, NULL, '2024-08-12 05:04:46', '2024-08-12 05:04:46'),
(177, 'App\\Models\\User', 142, 'authToken', '5f0acb468046ef3ee339af512304e6abc18047b5edcd72dd7b7db32858ba80ed', '[\"*\"]', NULL, NULL, '2024-08-12 05:26:23', '2024-08-12 05:26:23'),
(178, 'App\\Models\\User', 139, 'authToken', '291440446d51fe1400bbc9775959438061fab20c744f50020ca22211d3e55494', '[\"*\"]', NULL, NULL, '2024-08-12 05:32:44', '2024-08-12 05:32:44'),
(179, 'App\\Models\\User', 139, 'authToken', '49bf751b5b407159fe5cde692ce13360379af08c55706d49368a4af89acc053c', '[\"*\"]', NULL, NULL, '2024-08-12 05:33:09', '2024-08-12 05:33:09'),
(180, 'App\\Models\\User', 142, 'authToken', 'a6dc887c10f36ce7cbda8d6eb5d726a35c3a3cfa0eacd4f76d386156500be62c', '[\"*\"]', NULL, NULL, '2024-08-12 05:57:26', '2024-08-12 05:57:26'),
(181, 'App\\Models\\User', 139, 'authToken', '7fbb934d093e691089d060a40427bec8ab8088527a0e9ac7d8afb195a72a1ef5', '[\"*\"]', NULL, NULL, '2024-08-12 23:11:32', '2024-08-12 23:11:32'),
(182, 'App\\Models\\User', 139, 'authToken', '34a8f1d800cf71fce6818835683d43c05ca10de563bdf0733d876ccf4c180703', '[\"*\"]', NULL, NULL, '2024-08-12 23:18:34', '2024-08-12 23:18:34'),
(183, 'App\\Models\\User', 139, 'authToken', '2f53005d397c6fd31bc55ff4d0d079fe98bb5cea04bf42068ff62e13f26e1ba9', '[\"*\"]', NULL, NULL, '2024-08-12 23:29:49', '2024-08-12 23:29:49'),
(184, 'App\\Models\\User', 7, 'authToken', '607214c6217a6633e8aa797cad106e5fe4170e592efaa899c12c5046ed9b8b40', '[\"*\"]', NULL, NULL, '2024-08-12 23:47:33', '2024-08-12 23:47:33'),
(185, 'App\\Models\\User', 125, 'authToken', '22b23094ff219cb838d9e7cd29a0316587dd3539da593cebafb33e679e1119b6', '[\"*\"]', NULL, NULL, '2024-08-12 23:51:10', '2024-08-12 23:51:10'),
(186, 'App\\Models\\User', 125, 'authToken', '4f34b7771c497b1d3e6cf152aaea1721270ad83756f6a9610bd7512709005781', '[\"*\"]', NULL, NULL, '2024-08-13 00:54:28', '2024-08-13 00:54:28'),
(187, 'App\\Models\\User', 7, 'authToken', '306a9e5bb1221e11d5c32736b6be70223dc4fc02f6bf39dc23e3cc59d65a5a16', '[\"*\"]', NULL, NULL, '2024-08-13 01:21:00', '2024-08-13 01:21:00'),
(188, 'App\\Models\\User', 125, 'authToken', '02e27c3b53ddb03cecc53d9b482997178202bb54f077bd078a9e2a64e679c271', '[\"*\"]', NULL, NULL, '2024-08-13 01:22:29', '2024-08-13 01:22:29'),
(189, 'App\\Models\\User', 7, 'authToken', 'e8588b436b62539ee5c57af71c4636fc22a50c6e8d99b49f2b3f52ecd214fac6', '[\"*\"]', NULL, NULL, '2024-08-13 03:20:44', '2024-08-13 03:20:44'),
(190, 'App\\Models\\User', 7, 'authToken', '7514ad7b2b26f79b5f483b8f4cec84cf80826c5ca1b81c7ab653d663ff8d852e', '[\"*\"]', NULL, NULL, '2024-08-13 03:27:02', '2024-08-13 03:27:02'),
(191, 'App\\Models\\User', 7, 'authToken', 'e812e866f924c54214f98fdc89dc49a6b15e3e35c2f01266ac52079078db1e62', '[\"*\"]', NULL, NULL, '2024-08-13 03:40:22', '2024-08-13 03:40:22'),
(192, 'App\\Models\\User', 7, 'authToken', 'f340baf8735d54474179c14d68b21cb7e3a18e2c2c0e24a2cf5300b6f964f9b3', '[\"*\"]', NULL, NULL, '2024-08-13 03:44:13', '2024-08-13 03:44:13'),
(193, 'App\\Models\\User', 125, 'authToken', 'c8df0a3d902f2d36cebbdd87fc7d9c4404802f5839d602b11ec51635d473bd6c', '[\"*\"]', NULL, NULL, '2024-08-13 03:50:09', '2024-08-13 03:50:09'),
(194, 'App\\Models\\User', 142, 'authToken', 'b0d1aa1bc569d46afbfcc886f508bef217374f170818950129c0289b4750a9af', '[\"*\"]', NULL, NULL, '2024-08-13 04:01:58', '2024-08-13 04:01:58'),
(195, 'App\\Models\\User', 139, 'authToken', 'bb42e57bc2abf1d6140d265a5e81d6384350bf37ba43eb4a26d21b29cfdf6e0a', '[\"*\"]', NULL, NULL, '2024-08-13 04:04:01', '2024-08-13 04:04:01'),
(196, 'App\\Models\\User', 142, 'authToken', '2cb6fe60f63f06091fbb49f68e6576d2e563586fbad55cd63eee5b8af086eb87', '[\"*\"]', NULL, NULL, '2024-08-13 04:11:55', '2024-08-13 04:11:55'),
(197, 'App\\Models\\User', 125, 'authToken', '3af9079cf65ada0814bbf2553e14b35d48fcd6dc73e487653fa8e923a1d1c012', '[\"*\"]', NULL, NULL, '2024-08-13 04:12:48', '2024-08-13 04:12:48'),
(198, 'App\\Models\\User', 139, 'authToken', 'c3683119e6623bb94308d215512d49a25188d11388fdf3e6aeb1b3252d3ce3c6', '[\"*\"]', NULL, NULL, '2024-08-13 04:23:09', '2024-08-13 04:23:09'),
(199, 'App\\Models\\User', 7, 'authToken', '811020ea194f4d39f64b53cfa24a0f551476e6a680bfe5616b19548b5406d9a3', '[\"*\"]', NULL, NULL, '2024-08-13 04:25:50', '2024-08-13 04:25:50'),
(200, 'App\\Models\\User', 125, 'authToken', 'c37ae97b304d0d18ed8736a273d9f277f21a9c32815e3ab9b9260eb7566fa986', '[\"*\"]', NULL, NULL, '2024-08-13 04:42:16', '2024-08-13 04:42:16'),
(201, 'App\\Models\\User', 139, 'authToken', '22e2cb2892bfb892fcc4b6d513e88fae90ac9de7f11e632afd76d96ab5929c45', '[\"*\"]', NULL, NULL, '2024-08-13 04:46:04', '2024-08-13 04:46:04'),
(202, 'App\\Models\\User', 7, 'authToken', '61c7f99b5738abc2c61e50fcac17ca45d58c5d493aff99eda31ad92b263cb998', '[\"*\"]', NULL, NULL, '2024-08-13 05:14:07', '2024-08-13 05:14:07'),
(203, 'App\\Models\\User', 139, 'authToken', 'ca1e474647c02e2f8983588dee2782227cb4c94b5d0a35bbac49a8a48d8293e0', '[\"*\"]', NULL, NULL, '2024-08-13 05:17:03', '2024-08-13 05:17:03'),
(204, 'App\\Models\\User', 139, 'authToken', 'f0297e066d2b304df03707c7c376fef10a23e78d366c61d25ea06c153df53ffb', '[\"*\"]', NULL, NULL, '2024-08-13 05:37:12', '2024-08-13 05:37:12'),
(205, 'App\\Models\\User', 139, 'authToken', '46f0ff8c32ca90a14aefb18ad1c61a230db313f9943442240488bd007161d2f1', '[\"*\"]', NULL, NULL, '2024-08-13 05:47:59', '2024-08-13 05:47:59'),
(206, 'App\\Models\\User', 125, 'authToken', '542123946b94207721d03415c74b3bde8e0eb4c0a97f1b79092d51bd6475e517', '[\"*\"]', NULL, NULL, '2024-08-13 05:58:45', '2024-08-13 05:58:45'),
(207, 'App\\Models\\User', 125, 'authToken', '7df5f0616863d8cc22c758803c89f26996f40d64f577c9381591ea90e24d47dc', '[\"*\"]', NULL, NULL, '2024-08-13 06:00:12', '2024-08-13 06:00:12'),
(208, 'App\\Models\\User', 139, 'authToken', '28059ac6e58881fa7fecf8248599ed05569732bb10f54b78cd1ff4f512fb3656', '[\"*\"]', NULL, NULL, '2024-08-13 06:00:47', '2024-08-13 06:00:47'),
(209, 'App\\Models\\User', 152, 'authToken', '1cac3cee63227ff663f55e43fce40743a34785da586708687db6ea688b4bbf8e', '[\"*\"]', NULL, NULL, '2024-08-13 06:19:56', '2024-08-13 06:19:56'),
(210, 'App\\Models\\User', 152, 'authToken', '302ad534e0f3078be51e2e46ba4efbc4ec2a4fce14573df4b625b3bb68c6f5f6', '[\"*\"]', NULL, NULL, '2024-08-13 06:22:55', '2024-08-13 06:22:55'),
(211, 'App\\Models\\User', 139, 'authToken', '456c88cd0907c8581dda3cc97500448fc982872944e6c05e40bc5c12331a7ee6', '[\"*\"]', NULL, NULL, '2024-08-13 06:46:40', '2024-08-13 06:46:40'),
(212, 'App\\Models\\User', 155, 'authToken', '0cd8af6c43b00997635a895fe9a62aa95b3dd603c2a38ba797f693a8542e6873', '[\"*\"]', NULL, NULL, '2024-08-13 07:08:37', '2024-08-13 07:08:37'),
(213, 'App\\Models\\User', 125, 'authToken', 'd3a5eb2a650c9a70fd0fa4f9710a4961ce89ac16f5301182db6ac5b9e994f5ff', '[\"*\"]', NULL, NULL, '2024-08-13 07:10:49', '2024-08-13 07:10:49'),
(214, 'App\\Models\\User', 139, 'authToken', '0c0951a37b6562735abbbd210dff3a04bd55f0634164d6496dc273759816aba3', '[\"*\"]', NULL, NULL, '2024-08-14 00:14:40', '2024-08-14 00:14:40'),
(215, 'App\\Models\\User', 125, 'authToken', '7223749c9e7f77e0ca3de3532f4c5f5fbabe7134d4b8e7861ac1ecfc9f4c5916', '[\"*\"]', NULL, NULL, '2024-08-14 01:04:51', '2024-08-14 01:04:51'),
(216, 'App\\Models\\User', 152, 'authToken', '17c9743023cfe79a2af8d203d84c12a8be4f71e936b0a612b7ea938a9d357572', '[\"*\"]', NULL, NULL, '2024-08-14 04:47:58', '2024-08-14 04:47:58'),
(217, 'App\\Models\\User', 125, 'authToken', '824c2c4855c6b2fac77f0b596ae3f53207b4f0954324cef3e6118c9f05bd8092', '[\"*\"]', NULL, NULL, '2024-08-14 05:33:16', '2024-08-14 05:33:16'),
(218, 'App\\Models\\User', 155, 'authToken', 'ee1777388f81c208cc381bb6bf34a245c0212a9f58903d538b9466b3f94aa4d7', '[\"*\"]', NULL, NULL, '2024-08-15 04:11:53', '2024-08-15 04:11:53'),
(219, 'App\\Models\\User', 125, 'authToken', '927f937cbd6fc4aa68dc2f65b2cbdf083035323e75e84a074c342abe44bdcbdb', '[\"*\"]', NULL, NULL, '2024-08-15 05:20:30', '2024-08-15 05:20:30'),
(220, 'App\\Models\\User', 125, 'authToken', '3863bbe504666b5b51debe78e880e5391ccd1f0a7cb13b6cabb80c8a6856b69f', '[\"*\"]', NULL, NULL, '2024-08-15 05:20:53', '2024-08-15 05:20:53'),
(221, 'App\\Models\\User', 125, 'authToken', '4079a8807b01e196f00b324971b9f2c2e249055104c0d1f780e620325753cb1c', '[\"*\"]', NULL, NULL, '2024-08-15 05:43:48', '2024-08-15 05:43:48'),
(222, 'App\\Models\\User', 139, 'authToken', '53e3b0dd5e023430a70bdaf1570fcd65da71052e3b206c9778ed2261546c995b', '[\"*\"]', NULL, NULL, '2024-08-15 06:07:42', '2024-08-15 06:07:42'),
(223, 'App\\Models\\User', 152, 'authToken', 'a8f0d31d76b2cdc66201459203a0d593e8ca4d12ac74fcad0a1e63634346d4b2', '[\"*\"]', NULL, NULL, '2024-08-15 06:11:48', '2024-08-15 06:11:48'),
(224, 'App\\Models\\User', 125, 'authToken', '07a2ab17a1c827c018fd5b0ac90460cc4ced2591a9c195decac5f5ad677df835', '[\"*\"]', NULL, NULL, '2024-08-15 06:56:32', '2024-08-15 06:56:32');

-- --------------------------------------------------------

--
-- Table structure for table `prizes`
--

CREATE TABLE `prizes` (
  `id` int(11) NOT NULL,
  `event_id` int(11) NOT NULL,
  `prize_name` varchar(50) NOT NULL,
  `prize_qty` varchar(100) NOT NULL,
  `prize_amount` decimal(10,2) NOT NULL,
  `image` varchar(255) NOT NULL,
  `status` tinyint(4) NOT NULL DEFAULT 1,
  `created_at` datetime NOT NULL DEFAULT current_timestamp(),
  `updated_at` datetime DEFAULT NULL
) ENGINE=InnoDB DEFAULT CHARSET=utf8mb4 COLLATE=utf8mb4_general_ci;

--
-- Dumping data for table `prizes`
--

INSERT INTO `prizes` (`id`, `event_id`, `prize_name`, `prize_qty`, `prize_amount`, `image`, `status`, `created_at`, `updated_at`) VALUES
(1, 1, 'Car', '1', 50000.00, '20240812114149.png', 1, '2024-08-06 15:41:30', '2024-08-12 11:41:49'),
(2, 1, 'Mercedez Bend -2', '2', 1500000.00, '20240808093038.png', 1, '2024-08-08 09:30:38', '2024-08-12 11:42:46'),
(3, 1, 'Nano', '1', 200000.00, '20240808095514.png', 1, '2024-08-08 09:55:14', '2024-08-08 09:55:14');

-- --------------------------------------------------------

--
-- Table structure for table `rewards`
--

CREATE TABLE `rewards` (
  `id` int(11) NOT NULL,
  `points` varchar(200) NOT NULL,
  `user_id` int(11) NOT NULL,
  `event_id` int(11) NOT NULL,
  `transaction_type` enum('1','2') NOT NULL DEFAULT '1' COMMENT '1 for credited 2 for debit',
  `detail` varchar(255) DEFAULT NULL,
  `status` tinyint(4) NOT NULL DEFAULT 1,
  `created_at` datetime NOT NULL DEFAULT current_timestamp(),
  `updated_at` datetime DEFAULT NULL
) ENGINE=InnoDB DEFAULT CHARSET=utf8mb4 COLLATE=utf8mb4_general_ci;

-- --------------------------------------------------------

--
-- Table structure for table `roles_permission_descriptions`
--

CREATE TABLE `roles_permission_descriptions` (
  `id` bigint(20) UNSIGNED NOT NULL,
  `role_name` varchar(255) DEFAULT NULL,
  `role_description` varchar(255) DEFAULT NULL,
  `created_at` timestamp NULL DEFAULT NULL,
  `updated_at` timestamp NULL DEFAULT NULL
) ENGINE=InnoDB DEFAULT CHARSET=utf8mb4 COLLATE=utf8mb4_unicode_ci;

-- --------------------------------------------------------

--
-- Table structure for table `roles_permission_names`
--

CREATE TABLE `roles_permission_names` (
  `id` bigint(20) UNSIGNED NOT NULL,
  `role_name` varchar(255) DEFAULT NULL,
  `created_at` timestamp NULL DEFAULT NULL,
  `updated_at` timestamp NULL DEFAULT NULL
) ENGINE=InnoDB DEFAULT CHARSET=utf8mb4 COLLATE=utf8mb4_unicode_ci;

--
-- Dumping data for table `roles_permission_names`
--

INSERT INTO `roles_permission_names` (`id`, `role_name`, `created_at`, `updated_at`) VALUES
(1, 'Administrator', NULL, NULL),
(2, 'Developer', NULL, NULL),
(3, 'Analyst', NULL, NULL),
(4, 'Support', NULL, NULL);

-- --------------------------------------------------------

--
-- Table structure for table `seller_coupons`
--

CREATE TABLE `seller_coupons` (
  `id` int(11) NOT NULL,
  `coupon_number` varchar(200) NOT NULL,
  `user_id` int(11) NOT NULL,
  `event_id` int(11) NOT NULL,
  `is_assign` tinyint(4) NOT NULL DEFAULT 0,
  `status` tinyint(4) NOT NULL DEFAULT 1,
  `created_at` datetime NOT NULL DEFAULT current_timestamp(),
  `updated_at` datetime DEFAULT NULL
) ENGINE=InnoDB DEFAULT CHARSET=utf8mb4 COLLATE=utf8mb4_general_ci;

--
-- Dumping data for table `seller_coupons`
--

INSERT INTO `seller_coupons` (`id`, `coupon_number`, `user_id`, `event_id`, `is_assign`, `status`, `created_at`, `updated_at`) VALUES
(1, '1', 139, 1, 0, 1, '2024-08-16 12:49:27', NULL),
(2, '2', 139, 1, 0, 1, '2024-08-16 12:49:27', NULL),
(3, '3', 139, 1, 0, 1, '2024-08-16 12:49:27', NULL),
(4, '4', 139, 1, 0, 1, '2024-08-16 12:49:27', NULL),
(5, '5', 139, 1, 0, 1, '2024-08-16 12:49:27', NULL),
(6, '6', 139, 1, 0, 1, '2024-08-16 12:49:27', NULL),
(7, '7', 139, 1, 0, 1, '2024-08-16 12:49:27', NULL),
(8, '8', 139, 1, 0, 1, '2024-08-16 12:49:27', NULL),
(9, '9', 139, 1, 0, 1, '2024-08-16 12:49:27', NULL),
(10, '10', 139, 1, 0, 1, '2024-08-16 12:49:27', NULL),
(11, '11', 139, 1, 0, 1, '2024-08-16 12:49:27', NULL),
(12, '12', 139, 1, 0, 1, '2024-08-16 12:49:27', NULL),
(13, '13', 139, 1, 0, 1, '2024-08-16 12:49:27', NULL),
(14, '14', 139, 1, 0, 1, '2024-08-16 12:49:27', NULL),
(15, '15', 139, 1, 0, 1, '2024-08-16 12:49:27', NULL),
(16, '16', 139, 1, 0, 1, '2024-08-16 12:49:27', NULL),
(17, '17', 139, 1, 0, 1, '2024-08-16 12:49:27', NULL),
(18, '18', 139, 1, 0, 1, '2024-08-16 12:49:27', NULL),
(19, '19', 139, 1, 0, 1, '2024-08-16 12:49:27', NULL),
(20, '20', 139, 1, 0, 1, '2024-08-16 12:49:27', NULL),
(21, '21', 139, 1, 0, 1, '2024-08-16 12:49:27', NULL),
(22, '22', 139, 1, 0, 1, '2024-08-16 12:49:27', NULL),
(23, '23', 139, 1, 0, 1, '2024-08-16 12:49:27', NULL),
(24, '24', 139, 1, 0, 1, '2024-08-16 12:49:27', NULL),
(25, '25', 139, 1, 0, 1, '2024-08-16 12:49:27', NULL),
(26, '26', 139, 1, 0, 1, '2024-08-16 12:49:27', NULL),
(27, '27', 139, 1, 0, 1, '2024-08-16 12:49:27', NULL),
(28, '28', 139, 1, 0, 1, '2024-08-16 12:49:27', NULL),
(29, '29', 139, 1, 0, 1, '2024-08-16 12:49:27', NULL),
(30, '30', 139, 1, 0, 1, '2024-08-16 12:49:27', NULL),
(31, '31', 139, 1, 0, 1, '2024-08-16 12:49:27', NULL),
(32, '32', 139, 1, 0, 1, '2024-08-16 12:49:27', NULL),
(33, '33', 139, 1, 0, 1, '2024-08-16 12:49:27', NULL),
(34, '34', 139, 1, 0, 1, '2024-08-16 12:49:27', NULL),
(35, '35', 139, 1, 0, 1, '2024-08-16 12:49:27', NULL),
(36, '36', 139, 1, 0, 1, '2024-08-16 12:49:27', NULL),
(37, '37', 139, 1, 0, 1, '2024-08-16 12:49:27', NULL),
(38, '38', 139, 1, 0, 1, '2024-08-16 12:49:27', NULL),
(39, '39', 139, 1, 0, 1, '2024-08-16 12:49:27', NULL),
(40, '40', 139, 1, 0, 1, '2024-08-16 12:49:27', NULL),
(41, '41', 139, 1, 0, 1, '2024-08-16 12:49:27', NULL),
(42, '42', 139, 1, 0, 1, '2024-08-16 12:49:27', NULL),
(43, '43', 139, 1, 0, 1, '2024-08-16 12:49:27', NULL),
(44, '44', 139, 1, 0, 1, '2024-08-16 12:49:27', NULL),
(45, '45', 139, 1, 0, 1, '2024-08-16 12:49:27', NULL),
(46, '46', 139, 1, 0, 1, '2024-08-16 12:49:27', NULL),
(47, '47', 139, 1, 0, 1, '2024-08-16 12:49:27', NULL),
(48, '48', 139, 1, 0, 1, '2024-08-16 12:49:27', NULL),
(49, '49', 139, 1, 0, 1, '2024-08-16 12:49:27', NULL),
(50, '50', 139, 1, 0, 1, '2024-08-16 12:49:27', NULL),
(51, '51', 139, 1, 0, 1, '2024-08-16 12:49:27', NULL),
(52, '52', 139, 1, 0, 1, '2024-08-16 12:49:27', NULL),
(53, '53', 139, 1, 0, 1, '2024-08-16 12:49:27', NULL),
(54, '54', 139, 1, 0, 1, '2024-08-16 12:49:27', NULL),
(55, '55', 139, 1, 0, 1, '2024-08-16 12:49:27', NULL),
(56, '56', 139, 1, 0, 1, '2024-08-16 12:49:27', NULL),
(57, '57', 139, 1, 0, 1, '2024-08-16 12:49:27', NULL),
(58, '58', 139, 1, 0, 1, '2024-08-16 12:49:27', NULL),
(59, '59', 139, 1, 0, 1, '2024-08-16 12:49:27', NULL),
(60, '60', 139, 1, 0, 1, '2024-08-16 12:49:27', NULL),
(61, '61', 139, 1, 0, 1, '2024-08-16 12:49:27', NULL),
(62, '62', 139, 1, 0, 1, '2024-08-16 12:49:27', NULL),
(63, '63', 139, 1, 0, 1, '2024-08-16 12:49:27', NULL),
(64, '64', 139, 1, 0, 1, '2024-08-16 12:49:27', NULL),
(65, '65', 139, 1, 0, 1, '2024-08-16 12:49:27', NULL),
(66, '66', 139, 1, 0, 1, '2024-08-16 12:49:27', NULL),
(67, '67', 139, 1, 0, 1, '2024-08-16 12:49:27', NULL),
(68, '68', 139, 1, 0, 1, '2024-08-16 12:49:27', NULL),
(69, '69', 139, 1, 0, 1, '2024-08-16 12:49:27', NULL),
(70, '70', 139, 1, 0, 1, '2024-08-16 12:49:27', NULL),
(71, '71', 139, 1, 0, 1, '2024-08-16 12:49:27', NULL),
(72, '72', 139, 1, 0, 1, '2024-08-16 12:49:27', NULL),
(73, '73', 139, 1, 0, 1, '2024-08-16 12:49:27', NULL),
(74, '74', 139, 1, 0, 1, '2024-08-16 12:49:27', NULL),
(75, '75', 139, 1, 0, 1, '2024-08-16 12:49:27', NULL),
(76, '76', 139, 1, 0, 1, '2024-08-16 12:49:27', NULL),
(77, '77', 139, 1, 0, 1, '2024-08-16 12:49:27', NULL),
(78, '78', 139, 1, 0, 1, '2024-08-16 12:49:27', NULL),
(79, '79', 139, 1, 0, 1, '2024-08-16 12:49:27', NULL),
(80, '80', 139, 1, 0, 1, '2024-08-16 12:49:27', NULL),
(81, '81', 139, 1, 0, 1, '2024-08-16 12:49:27', NULL),
(82, '82', 139, 1, 0, 1, '2024-08-16 12:49:27', NULL),
(83, '83', 139, 1, 0, 1, '2024-08-16 12:49:27', NULL),
(84, '84', 139, 1, 0, 1, '2024-08-16 12:49:27', NULL),
(85, '85', 139, 1, 0, 1, '2024-08-16 12:49:27', NULL),
(86, '86', 139, 1, 0, 1, '2024-08-16 12:49:27', NULL),
(87, '87', 139, 1, 0, 1, '2024-08-16 12:49:27', NULL),
(88, '88', 139, 1, 0, 1, '2024-08-16 12:49:27', NULL),
(89, '89', 139, 1, 0, 1, '2024-08-16 12:49:27', NULL),
(90, '90', 139, 1, 0, 1, '2024-08-16 12:49:27', NULL),
(91, '91', 139, 1, 0, 1, '2024-08-16 12:49:27', NULL),
(92, '92', 139, 1, 0, 1, '2024-08-16 12:49:27', NULL),
(93, '93', 139, 1, 0, 1, '2024-08-16 12:49:27', NULL),
(94, '94', 139, 1, 0, 1, '2024-08-16 12:49:27', NULL),
(95, '95', 139, 1, 0, 1, '2024-08-16 12:49:27', NULL),
(96, '96', 139, 1, 0, 1, '2024-08-16 12:49:27', NULL),
(97, '97', 139, 1, 0, 1, '2024-08-16 12:49:27', NULL),
(98, '98', 139, 1, 0, 1, '2024-08-16 12:49:27', NULL),
(99, '99', 139, 1, 0, 1, '2024-08-16 12:49:27', NULL),
(100, '100', 139, 1, 0, 1, '2024-08-16 12:49:27', NULL),
(101, '101', 139, 1, 0, 1, '2024-08-16 12:49:27', NULL),
(102, '102', 139, 1, 0, 1, '2024-08-16 12:49:27', NULL),
(103, '103', 139, 1, 0, 1, '2024-08-16 12:49:27', NULL),
(104, '104', 139, 1, 0, 1, '2024-08-16 12:49:27', NULL),
(105, '105', 139, 1, 0, 1, '2024-08-16 12:49:27', NULL),
(106, '106', 139, 1, 0, 1, '2024-08-16 12:49:27', NULL),
(107, '107', 139, 1, 0, 1, '2024-08-16 12:49:27', NULL),
(108, '108', 139, 1, 0, 1, '2024-08-16 12:49:27', NULL),
(109, '109', 139, 1, 0, 1, '2024-08-16 12:49:27', NULL),
(110, '110', 139, 1, 0, 1, '2024-08-16 12:49:27', NULL),
(111, '111', 139, 1, 0, 1, '2024-08-16 12:49:27', NULL),
(112, '112', 139, 1, 0, 1, '2024-08-16 12:49:27', NULL),
(113, '113', 139, 1, 0, 1, '2024-08-16 12:49:27', NULL),
(114, '114', 139, 1, 0, 1, '2024-08-16 12:49:27', NULL),
(115, '115', 139, 1, 0, 1, '2024-08-16 12:49:27', NULL),
(116, '116', 139, 1, 0, 1, '2024-08-16 12:49:27', NULL),
(117, '117', 139, 1, 0, 1, '2024-08-16 12:49:27', NULL),
(118, '118', 139, 1, 0, 1, '2024-08-16 12:49:27', NULL),
(119, '119', 139, 1, 0, 1, '2024-08-16 12:49:27', NULL),
(120, '120', 139, 1, 0, 1, '2024-08-16 12:49:27', NULL),
(121, '121', 139, 1, 0, 1, '2024-08-16 12:49:27', NULL),
(122, '122', 139, 1, 0, 1, '2024-08-16 12:49:27', NULL),
(123, '123', 139, 1, 0, 1, '2024-08-16 12:49:27', NULL),
(124, '124', 139, 1, 0, 1, '2024-08-16 12:49:27', NULL),
(125, '125', 139, 1, 0, 1, '2024-08-16 12:49:27', NULL),
(126, '126', 139, 1, 0, 1, '2024-08-16 12:49:27', NULL),
(127, '127', 139, 1, 0, 1, '2024-08-16 12:49:27', NULL),
(128, '128', 139, 1, 0, 1, '2024-08-16 12:49:27', NULL),
(129, '129', 139, 1, 0, 1, '2024-08-16 12:49:27', NULL),
(130, '130', 139, 1, 0, 1, '2024-08-16 12:49:27', NULL),
(131, '131', 139, 1, 0, 1, '2024-08-16 12:49:27', NULL),
(132, '132', 139, 1, 0, 1, '2024-08-16 12:49:27', NULL),
(133, '133', 139, 1, 0, 1, '2024-08-16 12:49:27', NULL),
(134, '134', 139, 1, 0, 1, '2024-08-16 12:49:27', NULL),
(135, '135', 139, 1, 0, 1, '2024-08-16 12:49:27', NULL),
(136, '136', 139, 1, 0, 1, '2024-08-16 12:49:27', NULL),
(137, '137', 139, 1, 0, 1, '2024-08-16 12:49:27', NULL),
(138, '138', 139, 1, 0, 1, '2024-08-16 12:49:27', NULL),
(139, '139', 139, 1, 0, 1, '2024-08-16 12:49:27', NULL),
(140, '140', 139, 1, 0, 1, '2024-08-16 12:49:27', NULL),
(141, '141', 139, 1, 0, 1, '2024-08-16 12:49:27', NULL),
(142, '142', 139, 1, 0, 1, '2024-08-16 12:49:27', NULL),
(143, '143', 139, 1, 0, 1, '2024-08-16 12:49:27', NULL),
(144, '144', 139, 1, 0, 1, '2024-08-16 12:49:27', NULL),
(145, '145', 139, 1, 0, 1, '2024-08-16 12:49:27', NULL),
(146, '146', 139, 1, 0, 1, '2024-08-16 12:49:27', NULL),
(147, '147', 139, 1, 0, 1, '2024-08-16 12:49:27', NULL),
(148, '148', 139, 1, 0, 1, '2024-08-16 12:49:27', NULL),
(149, '149', 139, 1, 0, 1, '2024-08-16 12:49:27', NULL),
(150, '150', 139, 1, 0, 1, '2024-08-16 12:49:27', NULL),
(151, '151', 139, 1, 0, 1, '2024-08-16 12:49:27', NULL),
(152, '152', 139, 1, 0, 1, '2024-08-16 12:49:27', NULL),
(153, '153', 139, 1, 0, 1, '2024-08-16 12:49:27', NULL),
(154, '154', 139, 1, 0, 1, '2024-08-16 12:49:27', NULL),
(155, '155', 139, 1, 0, 1, '2024-08-16 12:49:27', NULL),
(156, '156', 139, 1, 0, 1, '2024-08-16 12:49:27', NULL),
(157, '157', 139, 1, 0, 1, '2024-08-16 12:49:27', NULL),
(158, '158', 139, 1, 0, 1, '2024-08-16 12:49:27', NULL),
(159, '159', 139, 1, 0, 1, '2024-08-16 12:49:27', NULL),
(160, '160', 139, 1, 0, 1, '2024-08-16 12:49:27', NULL),
(161, '161', 139, 1, 0, 1, '2024-08-16 12:49:27', NULL),
(162, '162', 139, 1, 0, 1, '2024-08-16 12:49:27', NULL),
(163, '163', 139, 1, 0, 1, '2024-08-16 12:49:27', NULL),
(164, '164', 139, 1, 0, 1, '2024-08-16 12:49:27', NULL),
(165, '165', 139, 1, 0, 1, '2024-08-16 12:49:27', NULL),
(166, '166', 139, 1, 0, 1, '2024-08-16 12:49:27', NULL),
(167, '167', 139, 1, 0, 1, '2024-08-16 12:49:27', NULL),
(168, '168', 139, 1, 0, 1, '2024-08-16 12:49:27', NULL),
(169, '169', 139, 1, 0, 1, '2024-08-16 12:49:27', NULL),
(170, '170', 139, 1, 0, 1, '2024-08-16 12:49:27', NULL),
(171, '171', 139, 1, 0, 1, '2024-08-16 12:49:27', NULL),
(172, '172', 139, 1, 0, 1, '2024-08-16 12:49:27', NULL),
(173, '173', 139, 1, 0, 1, '2024-08-16 12:49:27', NULL),
(174, '174', 139, 1, 0, 1, '2024-08-16 12:49:27', NULL),
(175, '175', 139, 1, 0, 1, '2024-08-16 12:49:27', NULL),
(176, '176', 139, 1, 0, 1, '2024-08-16 12:49:27', NULL),
(177, '177', 139, 1, 0, 1, '2024-08-16 12:49:27', NULL),
(178, '178', 139, 1, 0, 1, '2024-08-16 12:49:27', NULL),
(179, '179', 139, 1, 0, 1, '2024-08-16 12:49:27', NULL),
(180, '180', 139, 1, 0, 1, '2024-08-16 12:49:27', NULL),
(181, '181', 139, 1, 0, 1, '2024-08-16 12:49:27', NULL),
(182, '182', 139, 1, 0, 1, '2024-08-16 12:49:27', NULL),
(183, '183', 139, 1, 0, 1, '2024-08-16 12:49:27', NULL),
(184, '184', 139, 1, 0, 1, '2024-08-16 12:49:27', NULL),
(185, '185', 139, 1, 0, 1, '2024-08-16 12:49:27', NULL),
(186, '186', 139, 1, 0, 1, '2024-08-16 12:49:27', NULL),
(187, '187', 139, 1, 0, 1, '2024-08-16 12:49:27', NULL),
(188, '188', 139, 1, 0, 1, '2024-08-16 12:49:27', NULL),
(189, '189', 139, 1, 0, 1, '2024-08-16 12:49:27', NULL),
(190, '190', 139, 1, 0, 1, '2024-08-16 12:49:27', NULL),
(191, '191', 139, 1, 0, 1, '2024-08-16 12:49:27', NULL),
(192, '192', 139, 1, 0, 1, '2024-08-16 12:49:27', NULL),
(193, '193', 139, 1, 0, 1, '2024-08-16 12:49:27', NULL),
(194, '194', 139, 1, 0, 1, '2024-08-16 12:49:27', NULL),
(195, '195', 139, 1, 0, 1, '2024-08-16 12:49:27', NULL),
(196, '196', 139, 1, 0, 1, '2024-08-16 12:49:27', NULL),
(197, '197', 139, 1, 0, 1, '2024-08-16 12:49:27', NULL),
(198, '198', 139, 1, 0, 1, '2024-08-16 12:49:27', NULL),
(199, '199', 139, 1, 0, 1, '2024-08-16 12:49:27', NULL),
(200, '200', 139, 1, 0, 1, '2024-08-16 12:49:27', NULL),
(201, '201', 139, 1, 0, 1, '2024-08-16 12:49:27', NULL),
(202, '202', 139, 1, 0, 1, '2024-08-16 12:49:27', NULL),
(203, '203', 139, 1, 0, 1, '2024-08-16 12:49:27', NULL),
(204, '204', 139, 1, 0, 1, '2024-08-16 12:49:27', NULL),
(205, '205', 139, 1, 0, 1, '2024-08-16 12:49:27', NULL),
(206, '206', 139, 1, 0, 1, '2024-08-16 12:49:27', NULL),
(207, '207', 139, 1, 0, 1, '2024-08-16 12:49:27', NULL),
(208, '208', 139, 1, 0, 1, '2024-08-16 12:49:27', NULL),
(209, '209', 139, 1, 0, 1, '2024-08-16 12:49:27', NULL),
(210, '210', 139, 1, 0, 1, '2024-08-16 12:49:27', NULL),
(211, '211', 139, 1, 0, 1, '2024-08-16 12:49:27', NULL),
(212, '212', 139, 1, 0, 1, '2024-08-16 12:49:27', NULL),
(213, '213', 139, 1, 0, 1, '2024-08-16 12:49:27', NULL),
(214, '214', 139, 1, 0, 1, '2024-08-16 12:49:27', NULL),
(215, '215', 139, 1, 0, 1, '2024-08-16 12:49:27', NULL),
(216, '216', 139, 1, 0, 1, '2024-08-16 12:49:27', NULL),
(217, '217', 139, 1, 0, 1, '2024-08-16 12:49:27', NULL),
(218, '218', 139, 1, 0, 1, '2024-08-16 12:49:27', NULL),
(219, '219', 139, 1, 0, 1, '2024-08-16 12:49:27', NULL),
(220, '220', 139, 1, 0, 1, '2024-08-16 12:49:27', NULL),
(221, '221', 139, 1, 0, 1, '2024-08-16 12:49:27', NULL),
(222, '222', 139, 1, 0, 1, '2024-08-16 12:49:27', NULL),
(223, '223', 139, 1, 0, 1, '2024-08-16 12:49:27', NULL),
(224, '224', 139, 1, 0, 1, '2024-08-16 12:49:27', NULL),
(225, '225', 139, 1, 0, 1, '2024-08-16 12:49:27', NULL),
(226, '226', 139, 1, 0, 1, '2024-08-16 12:49:27', NULL),
(227, '227', 139, 1, 0, 1, '2024-08-16 12:49:27', NULL),
(228, '228', 139, 1, 0, 1, '2024-08-16 12:49:27', NULL),
(229, '229', 139, 1, 0, 1, '2024-08-16 12:49:27', NULL),
(230, '230', 139, 1, 0, 1, '2024-08-16 12:49:27', NULL),
(231, '231', 139, 1, 0, 1, '2024-08-16 12:49:27', NULL),
(232, '232', 139, 1, 0, 1, '2024-08-16 12:49:27', NULL),
(233, '233', 139, 1, 0, 1, '2024-08-16 12:49:27', NULL),
(234, '234', 139, 1, 0, 1, '2024-08-16 12:49:27', NULL),
(235, '235', 139, 1, 0, 1, '2024-08-16 12:49:27', NULL),
(236, '236', 139, 1, 0, 1, '2024-08-16 12:49:27', NULL),
(237, '237', 139, 1, 0, 1, '2024-08-16 12:49:27', NULL),
(238, '238', 139, 1, 0, 1, '2024-08-16 12:49:27', NULL),
(239, '239', 139, 1, 0, 1, '2024-08-16 12:49:27', NULL),
(240, '240', 139, 1, 0, 1, '2024-08-16 12:49:27', NULL),
(241, '241', 139, 1, 0, 1, '2024-08-16 12:49:27', NULL),
(242, '242', 139, 1, 0, 1, '2024-08-16 12:49:27', NULL),
(243, '243', 139, 1, 0, 1, '2024-08-16 12:49:27', NULL),
(244, '244', 139, 1, 0, 1, '2024-08-16 12:49:27', NULL),
(245, '245', 139, 1, 0, 1, '2024-08-16 12:49:27', NULL),
(246, '246', 139, 1, 0, 1, '2024-08-16 12:49:27', NULL),
(247, '247', 139, 1, 0, 1, '2024-08-16 12:49:27', NULL),
(248, '248', 139, 1, 0, 1, '2024-08-16 12:49:27', NULL),
(249, '249', 139, 1, 0, 1, '2024-08-16 12:49:27', NULL),
(250, '250', 139, 1, 0, 1, '2024-08-16 12:49:27', NULL),
(251, '251', 139, 1, 0, 1, '2024-08-16 12:49:27', NULL),
(252, '252', 139, 1, 0, 1, '2024-08-16 12:49:27', NULL),
(253, '253', 139, 1, 0, 1, '2024-08-16 12:49:27', NULL),
(254, '254', 139, 1, 0, 1, '2024-08-16 12:49:27', NULL),
(255, '255', 139, 1, 0, 1, '2024-08-16 12:49:27', NULL),
(256, '256', 139, 1, 0, 1, '2024-08-16 12:49:27', NULL),
(257, '257', 139, 1, 0, 1, '2024-08-16 12:49:27', NULL),
(258, '258', 139, 1, 0, 1, '2024-08-16 12:49:27', NULL),
(259, '259', 139, 1, 0, 1, '2024-08-16 12:49:27', NULL),
(260, '260', 139, 1, 0, 1, '2024-08-16 12:49:27', NULL),
(261, '261', 139, 1, 0, 1, '2024-08-16 12:49:27', NULL),
(262, '262', 139, 1, 0, 1, '2024-08-16 12:49:27', NULL),
(263, '263', 139, 1, 0, 1, '2024-08-16 12:49:27', NULL),
(264, '264', 139, 1, 0, 1, '2024-08-16 12:49:27', NULL),
(265, '265', 139, 1, 0, 1, '2024-08-16 12:49:27', NULL),
(266, '266', 139, 1, 0, 1, '2024-08-16 12:49:27', NULL),
(267, '267', 139, 1, 0, 1, '2024-08-16 12:49:27', NULL),
(268, '268', 139, 1, 0, 1, '2024-08-16 12:49:27', NULL),
(269, '269', 139, 1, 0, 1, '2024-08-16 12:49:27', NULL),
(270, '270', 139, 1, 0, 1, '2024-08-16 12:49:27', NULL),
(271, '271', 139, 1, 0, 1, '2024-08-16 12:49:27', NULL),
(272, '272', 139, 1, 0, 1, '2024-08-16 12:49:27', NULL),
(273, '273', 139, 1, 0, 1, '2024-08-16 12:49:27', NULL),
(274, '274', 139, 1, 0, 1, '2024-08-16 12:49:27', NULL),
(275, '275', 139, 1, 0, 1, '2024-08-16 12:49:27', NULL),
(276, '276', 139, 1, 0, 1, '2024-08-16 12:49:27', NULL),
(277, '277', 139, 1, 0, 1, '2024-08-16 12:49:27', NULL),
(278, '278', 139, 1, 0, 1, '2024-08-16 12:49:27', NULL),
(279, '279', 139, 1, 0, 1, '2024-08-16 12:49:27', NULL),
(280, '280', 139, 1, 0, 1, '2024-08-16 12:49:27', NULL),
(281, '281', 139, 1, 0, 1, '2024-08-16 12:49:27', NULL),
(282, '282', 139, 1, 0, 1, '2024-08-16 12:49:27', NULL),
(283, '283', 139, 1, 0, 1, '2024-08-16 12:49:27', NULL),
(284, '284', 139, 1, 0, 1, '2024-08-16 12:49:27', NULL),
(285, '285', 139, 1, 0, 1, '2024-08-16 12:49:27', NULL),
(286, '286', 139, 1, 0, 1, '2024-08-16 12:49:27', NULL),
(287, '287', 139, 1, 0, 1, '2024-08-16 12:49:27', NULL),
(288, '288', 139, 1, 0, 1, '2024-08-16 12:49:27', NULL),
(289, '289', 139, 1, 0, 1, '2024-08-16 12:49:27', NULL),
(290, '290', 139, 1, 0, 1, '2024-08-16 12:49:27', NULL),
(291, '291', 139, 1, 0, 1, '2024-08-16 12:49:27', NULL),
(292, '292', 139, 1, 0, 1, '2024-08-16 12:49:27', NULL),
(293, '293', 139, 1, 0, 1, '2024-08-16 12:49:27', NULL),
(294, '294', 139, 1, 0, 1, '2024-08-16 12:49:27', NULL),
(295, '295', 139, 1, 0, 1, '2024-08-16 12:49:27', NULL),
(296, '296', 139, 1, 0, 1, '2024-08-16 12:49:27', NULL),
(297, '297', 139, 1, 0, 1, '2024-08-16 12:49:27', NULL),
(298, '298', 139, 1, 0, 1, '2024-08-16 12:49:27', NULL),
(299, '299', 139, 1, 0, 1, '2024-08-16 12:49:27', NULL),
(300, '300', 139, 1, 0, 1, '2024-08-16 12:49:27', NULL),
(301, '301', 139, 1, 0, 1, '2024-08-16 12:49:27', NULL),
(302, '302', 139, 1, 0, 1, '2024-08-16 12:49:27', NULL),
(303, '303', 139, 1, 0, 1, '2024-08-16 12:49:27', NULL),
(304, '304', 139, 1, 0, 1, '2024-08-16 12:49:27', NULL),
(305, '305', 139, 1, 0, 1, '2024-08-16 12:49:27', NULL),
(306, '306', 139, 1, 0, 1, '2024-08-16 12:49:27', NULL),
(307, '307', 139, 1, 0, 1, '2024-08-16 12:49:27', NULL),
(308, '308', 139, 1, 0, 1, '2024-08-16 12:49:27', NULL),
(309, '309', 139, 1, 0, 1, '2024-08-16 12:49:27', NULL),
(310, '310', 139, 1, 0, 1, '2024-08-16 12:49:27', NULL),
(311, '311', 139, 1, 0, 1, '2024-08-16 12:49:27', NULL),
(312, '312', 139, 1, 0, 1, '2024-08-16 12:49:27', NULL),
(313, '313', 139, 1, 0, 1, '2024-08-16 12:49:27', NULL),
(314, '314', 139, 1, 0, 1, '2024-08-16 12:49:27', NULL),
(315, '315', 139, 1, 0, 1, '2024-08-16 12:49:27', NULL),
(316, '316', 139, 1, 0, 1, '2024-08-16 12:49:27', NULL),
(317, '317', 139, 1, 0, 1, '2024-08-16 12:49:27', NULL),
(318, '318', 139, 1, 0, 1, '2024-08-16 12:49:27', NULL),
(319, '319', 139, 1, 0, 1, '2024-08-16 12:49:27', NULL),
(320, '320', 139, 1, 0, 1, '2024-08-16 12:49:27', NULL),
(321, '321', 139, 1, 0, 1, '2024-08-16 12:49:27', NULL),
(322, '322', 139, 1, 0, 1, '2024-08-16 12:49:27', NULL),
(323, '323', 139, 1, 0, 1, '2024-08-16 12:49:27', NULL),
(324, '324', 139, 1, 0, 1, '2024-08-16 12:49:27', NULL),
(325, '325', 139, 1, 0, 1, '2024-08-16 12:49:27', NULL),
(326, '326', 139, 1, 0, 1, '2024-08-16 12:49:27', NULL),
(327, '327', 139, 1, 0, 1, '2024-08-16 12:49:27', NULL),
(328, '328', 139, 1, 0, 1, '2024-08-16 12:49:27', NULL),
(329, '329', 139, 1, 0, 1, '2024-08-16 12:49:27', NULL),
(330, '330', 139, 1, 0, 1, '2024-08-16 12:49:27', NULL),
(331, '331', 139, 1, 0, 1, '2024-08-16 12:49:27', NULL),
(332, '332', 139, 1, 0, 1, '2024-08-16 12:49:27', NULL),
(333, '333', 139, 1, 0, 1, '2024-08-16 12:49:27', NULL),
(334, '334', 139, 1, 0, 1, '2024-08-16 12:49:27', NULL),
(335, '335', 139, 1, 0, 1, '2024-08-16 12:49:27', NULL),
(336, '336', 139, 1, 0, 1, '2024-08-16 12:49:27', NULL),
(337, '337', 139, 1, 0, 1, '2024-08-16 12:49:27', NULL),
(338, '338', 139, 1, 0, 1, '2024-08-16 12:49:27', NULL),
(339, '339', 139, 1, 0, 1, '2024-08-16 12:49:27', NULL),
(340, '340', 139, 1, 0, 1, '2024-08-16 12:49:27', NULL),
(341, '341', 139, 1, 0, 1, '2024-08-16 12:49:27', NULL),
(342, '342', 139, 1, 0, 1, '2024-08-16 12:49:27', NULL),
(343, '343', 139, 1, 0, 1, '2024-08-16 12:49:27', NULL),
(344, '344', 139, 1, 0, 1, '2024-08-16 12:49:27', NULL),
(345, '345', 139, 1, 0, 1, '2024-08-16 12:49:27', NULL),
(346, '346', 139, 1, 0, 1, '2024-08-16 12:49:27', NULL),
(347, '347', 139, 1, 0, 1, '2024-08-16 12:49:27', NULL),
(348, '348', 139, 1, 0, 1, '2024-08-16 12:49:27', NULL),
(349, '349', 139, 1, 0, 1, '2024-08-16 12:49:27', NULL),
(350, '350', 139, 1, 0, 1, '2024-08-16 12:49:27', NULL),
(351, '351', 139, 1, 0, 1, '2024-08-16 12:49:27', NULL),
(352, '352', 139, 1, 0, 1, '2024-08-16 12:49:27', NULL),
(353, '353', 139, 1, 0, 1, '2024-08-16 12:49:27', NULL),
(354, '354', 139, 1, 0, 1, '2024-08-16 12:49:27', NULL),
(355, '355', 139, 1, 0, 1, '2024-08-16 12:49:27', NULL),
(356, '356', 139, 1, 0, 1, '2024-08-16 12:49:27', NULL),
(357, '357', 139, 1, 0, 1, '2024-08-16 12:49:27', NULL),
(358, '358', 139, 1, 0, 1, '2024-08-16 12:49:27', NULL),
(359, '359', 139, 1, 0, 1, '2024-08-16 12:49:27', NULL),
(360, '360', 139, 1, 0, 1, '2024-08-16 12:49:27', NULL),
(361, '361', 139, 1, 0, 1, '2024-08-16 12:49:27', NULL),
(362, '362', 139, 1, 0, 1, '2024-08-16 12:49:27', NULL),
(363, '363', 139, 1, 0, 1, '2024-08-16 12:49:27', NULL),
(364, '364', 139, 1, 0, 1, '2024-08-16 12:49:27', NULL),
(365, '365', 139, 1, 0, 1, '2024-08-16 12:49:27', NULL),
(366, '366', 139, 1, 0, 1, '2024-08-16 12:49:27', NULL),
(367, '367', 139, 1, 0, 1, '2024-08-16 12:49:27', NULL),
(368, '368', 139, 1, 0, 1, '2024-08-16 12:49:27', NULL),
(369, '369', 139, 1, 0, 1, '2024-08-16 12:49:27', NULL),
(370, '370', 139, 1, 0, 1, '2024-08-16 12:49:27', NULL),
(371, '371', 139, 1, 0, 1, '2024-08-16 12:49:27', NULL),
(372, '372', 139, 1, 0, 1, '2024-08-16 12:49:27', NULL),
(373, '373', 139, 1, 0, 1, '2024-08-16 12:49:27', NULL),
(374, '374', 139, 1, 0, 1, '2024-08-16 12:49:27', NULL),
(375, '375', 139, 1, 0, 1, '2024-08-16 12:49:27', NULL),
(376, '376', 139, 1, 0, 1, '2024-08-16 12:49:27', NULL),
(377, '377', 139, 1, 0, 1, '2024-08-16 12:49:27', NULL),
(378, '378', 139, 1, 0, 1, '2024-08-16 12:49:27', NULL),
(379, '379', 139, 1, 0, 1, '2024-08-16 12:49:27', NULL),
(380, '380', 139, 1, 0, 1, '2024-08-16 12:49:27', NULL),
(381, '381', 139, 1, 0, 1, '2024-08-16 12:49:27', NULL),
(382, '382', 139, 1, 0, 1, '2024-08-16 12:49:27', NULL),
(383, '383', 139, 1, 0, 1, '2024-08-16 12:49:27', NULL),
(384, '384', 139, 1, 0, 1, '2024-08-16 12:49:27', NULL),
(385, '385', 139, 1, 0, 1, '2024-08-16 12:49:27', NULL),
(386, '386', 139, 1, 0, 1, '2024-08-16 12:49:27', NULL),
(387, '387', 139, 1, 0, 1, '2024-08-16 12:49:27', NULL),
(388, '388', 139, 1, 0, 1, '2024-08-16 12:49:27', NULL),
(389, '389', 139, 1, 0, 1, '2024-08-16 12:49:27', NULL),
(390, '390', 139, 1, 0, 1, '2024-08-16 12:49:27', NULL),
(391, '391', 139, 1, 0, 1, '2024-08-16 12:49:27', NULL),
(392, '392', 139, 1, 0, 1, '2024-08-16 12:49:27', NULL),
(393, '393', 139, 1, 0, 1, '2024-08-16 12:49:27', NULL),
(394, '394', 139, 1, 0, 1, '2024-08-16 12:49:27', NULL),
(395, '395', 139, 1, 0, 1, '2024-08-16 12:49:27', NULL),
(396, '396', 139, 1, 0, 1, '2024-08-16 12:49:27', NULL),
(397, '397', 139, 1, 0, 1, '2024-08-16 12:49:27', NULL),
(398, '398', 139, 1, 0, 1, '2024-08-16 12:49:27', NULL),
(399, '399', 139, 1, 0, 1, '2024-08-16 12:49:27', NULL),
(400, '400', 139, 1, 0, 1, '2024-08-16 12:49:27', NULL),
(401, '401', 139, 1, 0, 1, '2024-08-16 12:49:27', NULL),
(402, '402', 139, 1, 0, 1, '2024-08-16 12:49:27', NULL),
(403, '403', 139, 1, 0, 1, '2024-08-16 12:49:27', NULL),
(404, '404', 139, 1, 0, 1, '2024-08-16 12:49:27', NULL),
(405, '405', 139, 1, 0, 1, '2024-08-16 12:49:27', NULL),
(406, '406', 139, 1, 0, 1, '2024-08-16 12:49:27', NULL),
(407, '407', 139, 1, 0, 1, '2024-08-16 12:49:27', NULL),
(408, '408', 139, 1, 0, 1, '2024-08-16 12:49:27', NULL),
(409, '409', 139, 1, 0, 1, '2024-08-16 12:49:27', NULL),
(410, '410', 139, 1, 0, 1, '2024-08-16 12:49:27', NULL),
(411, '411', 139, 1, 0, 1, '2024-08-16 12:49:27', NULL),
(412, '412', 139, 1, 0, 1, '2024-08-16 12:49:27', NULL),
(413, '413', 139, 1, 0, 1, '2024-08-16 12:49:27', NULL),
(414, '414', 139, 1, 0, 1, '2024-08-16 12:49:27', NULL),
(415, '415', 139, 1, 0, 1, '2024-08-16 12:49:27', NULL),
(416, '416', 139, 1, 0, 1, '2024-08-16 12:49:27', NULL),
(417, '417', 139, 1, 0, 1, '2024-08-16 12:49:27', NULL),
(418, '418', 139, 1, 0, 1, '2024-08-16 12:49:27', NULL),
(419, '419', 139, 1, 0, 1, '2024-08-16 12:49:27', NULL),
(420, '420', 139, 1, 0, 1, '2024-08-16 12:49:27', NULL),
(421, '421', 139, 1, 0, 1, '2024-08-16 12:49:27', NULL),
(422, '422', 139, 1, 0, 1, '2024-08-16 12:49:27', NULL),
(423, '423', 139, 1, 0, 1, '2024-08-16 12:49:27', NULL),
(424, '424', 139, 1, 0, 1, '2024-08-16 12:49:27', NULL),
(425, '425', 139, 1, 0, 1, '2024-08-16 12:49:27', NULL),
(426, '426', 139, 1, 0, 1, '2024-08-16 12:49:27', NULL),
(427, '427', 139, 1, 0, 1, '2024-08-16 12:49:27', NULL),
(428, '428', 139, 1, 0, 1, '2024-08-16 12:49:27', NULL),
(429, '429', 139, 1, 0, 1, '2024-08-16 12:49:27', NULL),
(430, '430', 139, 1, 0, 1, '2024-08-16 12:49:27', NULL),
(431, '431', 139, 1, 0, 1, '2024-08-16 12:49:27', NULL),
(432, '432', 139, 1, 0, 1, '2024-08-16 12:49:27', NULL),
(433, '433', 139, 1, 0, 1, '2024-08-16 12:49:27', NULL),
(434, '434', 139, 1, 0, 1, '2024-08-16 12:49:27', NULL),
(435, '435', 139, 1, 0, 1, '2024-08-16 12:49:27', NULL),
(436, '436', 139, 1, 0, 1, '2024-08-16 12:49:27', NULL),
(437, '437', 139, 1, 0, 1, '2024-08-16 12:49:27', NULL),
(438, '438', 139, 1, 0, 1, '2024-08-16 12:49:27', NULL),
(439, '439', 139, 1, 0, 1, '2024-08-16 12:49:27', NULL),
(440, '440', 139, 1, 0, 1, '2024-08-16 12:49:27', NULL),
(441, '441', 139, 1, 0, 1, '2024-08-16 12:49:27', NULL),
(442, '442', 139, 1, 0, 1, '2024-08-16 12:49:27', NULL),
(443, '443', 139, 1, 0, 1, '2024-08-16 12:49:27', NULL),
(444, '444', 139, 1, 0, 1, '2024-08-16 12:49:27', NULL),
(445, '445', 139, 1, 0, 1, '2024-08-16 12:49:27', NULL),
(446, '446', 139, 1, 0, 1, '2024-08-16 12:49:27', NULL),
(447, '447', 139, 1, 0, 1, '2024-08-16 12:49:27', NULL),
(448, '448', 139, 1, 0, 1, '2024-08-16 12:49:27', NULL),
(449, '449', 139, 1, 0, 1, '2024-08-16 12:49:27', NULL),
(450, '450', 139, 1, 0, 1, '2024-08-16 12:49:27', NULL),
(451, '451', 139, 1, 0, 1, '2024-08-16 12:49:27', NULL),
(452, '452', 139, 1, 0, 1, '2024-08-16 12:49:27', NULL),
(453, '453', 139, 1, 0, 1, '2024-08-16 12:49:27', NULL),
(454, '454', 139, 1, 0, 1, '2024-08-16 12:49:27', NULL),
(455, '455', 139, 1, 0, 1, '2024-08-16 12:49:27', NULL),
(456, '456', 139, 1, 0, 1, '2024-08-16 12:49:27', NULL),
(457, '457', 139, 1, 0, 1, '2024-08-16 12:49:27', NULL),
(458, '458', 139, 1, 0, 1, '2024-08-16 12:49:27', NULL),
(459, '459', 139, 1, 0, 1, '2024-08-16 12:49:27', NULL),
(460, '460', 139, 1, 0, 1, '2024-08-16 12:49:27', NULL),
(461, '461', 139, 1, 0, 1, '2024-08-16 12:49:27', NULL),
(462, '462', 139, 1, 0, 1, '2024-08-16 12:49:27', NULL),
(463, '463', 139, 1, 0, 1, '2024-08-16 12:49:27', NULL),
(464, '464', 139, 1, 0, 1, '2024-08-16 12:49:27', NULL),
(465, '465', 139, 1, 0, 1, '2024-08-16 12:49:27', NULL),
(466, '466', 139, 1, 0, 1, '2024-08-16 12:49:27', NULL),
(467, '467', 139, 1, 0, 1, '2024-08-16 12:49:27', NULL),
(468, '468', 139, 1, 0, 1, '2024-08-16 12:49:27', NULL),
(469, '469', 139, 1, 0, 1, '2024-08-16 12:49:27', NULL),
(470, '470', 139, 1, 0, 1, '2024-08-16 12:49:27', NULL),
(471, '471', 139, 1, 0, 1, '2024-08-16 12:49:27', NULL),
(472, '472', 139, 1, 0, 1, '2024-08-16 12:49:27', NULL),
(473, '473', 139, 1, 0, 1, '2024-08-16 12:49:27', NULL),
(474, '474', 139, 1, 0, 1, '2024-08-16 12:49:27', NULL),
(475, '475', 139, 1, 0, 1, '2024-08-16 12:49:27', NULL),
(476, '476', 139, 1, 0, 1, '2024-08-16 12:49:27', NULL),
(477, '477', 139, 1, 0, 1, '2024-08-16 12:49:27', NULL),
(478, '478', 139, 1, 0, 1, '2024-08-16 12:49:27', NULL),
(479, '479', 139, 1, 0, 1, '2024-08-16 12:49:27', NULL),
(480, '480', 139, 1, 0, 1, '2024-08-16 12:49:27', NULL),
(481, '481', 139, 1, 0, 1, '2024-08-16 12:49:27', NULL),
(482, '482', 139, 1, 0, 1, '2024-08-16 12:49:27', NULL),
(483, '483', 139, 1, 0, 1, '2024-08-16 12:49:27', NULL),
(484, '484', 139, 1, 0, 1, '2024-08-16 12:49:27', NULL),
(485, '485', 139, 1, 0, 1, '2024-08-16 12:49:27', NULL),
(486, '486', 139, 1, 0, 1, '2024-08-16 12:49:27', NULL),
(487, '487', 139, 1, 0, 1, '2024-08-16 12:49:27', NULL),
(488, '488', 139, 1, 0, 1, '2024-08-16 12:49:27', NULL),
(489, '489', 139, 1, 0, 1, '2024-08-16 12:49:27', NULL),
(490, '490', 139, 1, 0, 1, '2024-08-16 12:49:27', NULL),
(491, '491', 139, 1, 0, 1, '2024-08-16 12:49:27', NULL),
(492, '492', 139, 1, 0, 1, '2024-08-16 12:49:27', NULL),
(493, '493', 139, 1, 0, 1, '2024-08-16 12:49:27', NULL),
(494, '494', 139, 1, 0, 1, '2024-08-16 12:49:27', NULL),
(495, '495', 139, 1, 0, 1, '2024-08-16 12:49:27', NULL),
(496, '496', 139, 1, 0, 1, '2024-08-16 12:49:27', NULL),
(497, '497', 139, 1, 0, 1, '2024-08-16 12:49:27', NULL),
(498, '498', 139, 1, 0, 1, '2024-08-16 12:49:27', NULL),
(499, '499', 139, 1, 0, 1, '2024-08-16 12:49:27', NULL),
(500, '500', 139, 1, 0, 1, '2024-08-16 12:49:27', NULL);

-- --------------------------------------------------------

--
-- Table structure for table `slabs`
--

CREATE TABLE `slabs` (
  `id` int(11) NOT NULL,
  `min_coupons` varchar(250) NOT NULL,
  `max_coupons` varchar(250) NOT NULL,
  `prize` decimal(10,2) NOT NULL,
  `event_id` int(11) NOT NULL,
  `status` tinyint(4) NOT NULL DEFAULT 1,
  `created_at` datetime NOT NULL DEFAULT current_timestamp(),
  `updated_at` datetime NOT NULL
) ENGINE=InnoDB DEFAULT CHARSET=utf8mb4 COLLATE=utf8mb4_general_ci;

--
-- Dumping data for table `slabs`
--

INSERT INTO `slabs` (`id`, `min_coupons`, `max_coupons`, `prize`, `event_id`, `status`, `created_at`, `updated_at`) VALUES
(1, '1000', '2000', 499.00, 1, 1, '2024-08-06 09:28:01', '2024-08-06 09:28:01'),
(2, '2000', '3000', 599.00, 1, 0, '2024-08-06 09:54:51', '2024-08-06 09:54:51'),
(3, '5000', '10000', 100.00, 1, 0, '2024-08-07 05:53:44', '2024-08-07 06:50:12'),
(4, '50', '100', 8500.00, 2, 0, '2024-08-07 06:49:17', '2024-08-07 06:50:07'),
(5, '1000', '2000', 100.00, 2, 0, '2024-08-07 06:51:01', '2024-08-07 06:51:01'),
(6, '1000', '2000', 499.00, 1, 0, '2024-08-08 04:37:49', '2024-08-08 04:37:49'),
(7, '100', '2000', 499.00, 1, 0, '2024-08-08 08:13:25', '2024-08-08 08:13:25'),
(8, '2000', '3000', 450.00, 1, 1, '2024-08-08 13:29:04', '2024-08-08 13:29:04'),
(9, '3000', '4000', 1000.00, 3, 1, '2024-08-10 05:30:30', '2024-08-10 05:30:30'),
(10, '1', '2000', 499.00, 1, 0, '2024-08-12 10:21:04', '2024-08-12 10:22:01'),
(11, '3000', '6000', 1000000.00, 14, 1, '2024-08-13 12:12:05', '2024-08-13 12:12:05');

-- --------------------------------------------------------

--
-- Table structure for table `social_links`
--

CREATE TABLE `social_links` (
  `id` int(11) NOT NULL,
  `social_name` varchar(200) NOT NULL,
  `link` varchar(255) NOT NULL,
  `status` tinyint(4) NOT NULL DEFAULT 1,
  `created_at` datetime NOT NULL DEFAULT current_timestamp(),
  `updated_at` datetime DEFAULT NULL
) ENGINE=InnoDB DEFAULT CHARSET=utf8mb4 COLLATE=utf8mb4_general_ci;

--
-- Dumping data for table `social_links`
--

INSERT INTO `social_links` (`id`, `social_name`, `link`, `status`, `created_at`, `updated_at`) VALUES
(1, 'facebook', '#', 1, '2024-08-07 18:02:40', NULL),
(2, 'Instagram', '#', 1, '2024-08-07 18:02:40', NULL),
(3, 'twitter', '#', 1, '2024-08-07 18:03:00', NULL),
(4, 'youtube', '#', 1, '2024-08-07 18:03:00', NULL);

-- --------------------------------------------------------

--
-- Table structure for table `users`
--

CREATE TABLE `users` (
  `id` bigint(20) UNSIGNED NOT NULL,
  `user_id` varchar(255) DEFAULT NULL,
  `user_type` enum('1','2','3') NOT NULL DEFAULT '2' COMMENT '2 for seller, 3 customer',
  `name` varchar(255) DEFAULT NULL,
  `lname` varchar(255) DEFAULT NULL,
  `storename` varchar(255) DEFAULT NULL,
  `email` varchar(255) DEFAULT NULL,
  `date_of_birth` varchar(255) DEFAULT NULL,
  `join_date` varchar(255) DEFAULT NULL,
  `country_code` int(11) NOT NULL DEFAULT 91,
  `phone_number` varchar(255) DEFAULT NULL,
  `otp` varchar(11) DEFAULT NULL,
  `PAN` varchar(20) DEFAULT NULL,
  `GST` varchar(20) DEFAULT NULL,
  `flatNo` varchar(200) DEFAULT NULL,
  `pincode` varchar(15) DEFAULT NULL,
  `area` varchar(200) DEFAULT NULL,
  `city` varchar(60) DEFAULT NULL,
  `state` varchar(60) DEFAULT NULL,
  `otp_expires_at` timestamp NULL DEFAULT NULL,
  `status` tinyint(4) DEFAULT 1,
  `two_step` varchar(255) DEFAULT NULL,
  `last_login` varchar(255) DEFAULT NULL,
  `role_name` varchar(255) DEFAULT NULL,
  `avatar` varchar(255) DEFAULT NULL,
  `is_first_time` tinyint(4) NOT NULL DEFAULT 1,
  `position` varchar(255) DEFAULT NULL,
  `department` varchar(255) DEFAULT NULL,
  `email_verified_at` timestamp NULL DEFAULT NULL,
  `password` varchar(255) NOT NULL,
  `remember_token` varchar(100) DEFAULT NULL,
  `device_token` text DEFAULT NULL,
  `device_type` enum('Android','IOS') NOT NULL DEFAULT 'Android',
  `created_at` timestamp NULL DEFAULT NULL,
  `updated_at` timestamp NULL DEFAULT NULL
) ENGINE=InnoDB DEFAULT CHARSET=utf8mb4 COLLATE=utf8mb4_unicode_ci;

--
-- Dumping data for table `users`
--

INSERT INTO `users` (`id`, `user_id`, `user_type`, `name`, `lname`, `storename`, `email`, `date_of_birth`, `join_date`, `country_code`, `phone_number`, `otp`, `PAN`, `GST`, `flatNo`, `pincode`, `area`, `city`, `state`, `otp_expires_at`, `status`, `two_step`, `last_login`, `role_name`, `avatar`, `is_first_time`, `position`, `department`, `email_verified_at`, `password`, `remember_token`, `device_token`, `device_type`, `created_at`, `updated_at`) VALUES
(1, '000001', '1', 'SSU Admin', NULL, NULL, 'ssu@admin.com', NULL, 'Wed, Jul 17, 2024 3:28 PM', 91, NULL, NULL, NULL, NULL, NULL, NULL, NULL, NULL, NULL, NULL, 1, NULL, NULL, 'User Normal', NULL, 1, NULL, NULL, NULL, '$2y$12$.z2AsCGIju0omeh9GQF4EOTUIkKl91PkwS.C3.BT6NJof1L9xcLD.', NULL, NULL, 'Android', '2024-07-17 09:58:26', '2024-07-17 09:58:26'),
(7, '000002', '2', 'Pritesh', 'Prajapatai', 'test store', 'pritesh@gmail.com', NULL, NULL, 91, '9970831750', '3172', 'BHKKK6524P', '22AAAAA0000A1Z5', 'CGC - Supermall, Near Lalbunglow, C G Road', '380058', 'CG Road', 'Ahmedabad', 'Gujratat', '2024-08-13 07:15:44', 1, NULL, NULL, NULL, '20240812113810.png', 0, NULL, NULL, NULL, '$2y$12$6tSQS4RN2o.7tDHE9hqvc.ceJfatk3d3an/VTlfDSXObPyGN3gmeG', '202|tRbJTGZPBSh5thO4H56iWIFWPht7KwCbcUcwPZfN9eecba4b', 'cd-IywauHEbmtMrw1dx1FW:APA91bFa3Vt6fmYxsS-DnAfVmczLvH4mCpAp7iN2K1BI4ShORSKPVyfSKmB2u9s4vXyef3Y5Px_oFgi9qVDgkFcpV0jBJjKEjHQf5gxznUSqR1sM2nhvfmabBumjdjICbP-yQruSTGt3', 'IOS', '2024-07-17 11:26:12', '2024-08-13 07:00:44'),
(121, '000003', '2', 'Chirag', 'Bhatt', 'Krishna Jewellers', 'chirag.bhatt@headway.org.in', NULL, NULL, 91, '9825693301', '2256', 'AQSPB5115R', 'AAAA000022', 'E-104, Greencity Society, Arjun Ashram Road', '382481', 'Nirnay Nagar', 'Ahmedabad', 'Gujarat', '2024-08-12 06:03:14', 1, NULL, NULL, NULL, '20240812050843.png', 0, NULL, NULL, NULL, '$2y$12$VyhIbMhcm6L88UIaA41tb.tpjC3oZ0ZsxYV9aXCbBs8hPJDTynQvy', '170|9EJCK8RU2cWmri0Ff6TrGQVoo7QQ6cSr5g7x5oGmf7812685', 'es2Ssz1gSoamYGrvfPQrLB:APA91bEqLqxnuIPRKyWzSPOByeQOvO_B3HZgdB5G4r-m1x4srVuzGRV2x3N496KA4q43Fuug6p3bNXJR5C_0MYlzAZZo0rnJNSY-nPLegw1N8MJEg9SybjUOU3axnJO4KNmE8UuPeyOb', 'Android', '2024-08-11 23:38:43', '2024-08-12 06:02:52'),
(125, '000007', '2', 'Jatin', 'Satija', 'Tirth Gold', 'jatin.satija@headway.org.in', NULL, NULL, 91, '7572900096', NULL, 'JIKSS4356D', 'czvbcxvbzbfgzd4235', 'Ahmedabad', '380009', '305,ABC, Supermall, 3rd Floor, Chimanlal Girdharlal Rd', 'ahmedabad', 'Gujarat', NULL, 1, NULL, NULL, NULL, '20240812061310.png', 0, NULL, NULL, NULL, '$2y$12$s8vyBdUhrVOk5yXGZO/NoejUSAF5CnSVgH5U4R2NyfINBG.E4y91K', '224|BRrXXLbwIvkDnzkfx8aSllLo4g7UH0CisWdFs9G07c0ebd9f', 'cUO8oY6LQDmIW5cjesqjde:APA91bGDJVaIE5VyAhfDZL88YVM6lbhCsz-LjzbMgJ9Qm0OSDWrfhX7qlS2wJqJR9jDBtaI-t6HtEbIunt41YxCM8KUfDqoI7NgiwmbSg92hyYkcgONxJrlyxh_agedSHonwHqHTKZUL', 'Android', '2024-08-12 00:43:10', '2024-08-15 06:56:32'),
(139, '000008', '2', 'Ritesh', 'Shah', 'Chaturbhuj Jewellers', 'chirag.bhatt@headway.org.in', NULL, NULL, 91, '9825693304', NULL, 'AQSPB5115H', 'AAQQ1123SH', 'Supermall, Near Lalbunglow', '394448', 'Chimanlal Girdharlal Road', 'Ahmedabad', 'Gujarat', NULL, 1, NULL, NULL, NULL, '20240812085154.jpg', 0, NULL, NULL, NULL, '$2y$12$CsNK7ggSuSgq3gK4UpmfJuDjCw2ZawjvhkcJvXNyKVYxfLJlGF2um', '222|rMGLC5KLyQsQuZNSVNVOANyJkUylgAhOVHuKHA6Z3056dc91', 'frSFDy4ZRMS_w314woVGxO:APA91bH4c2OOGzLsx0MxB0pabHZ0rDlNKOAcEdN2pQ9auNnKcYskwDUEp_necnXlko8lZZF6AAh5EJMiunqQcne98EvsrNKGyzTr8YvguK_dwIds30Ip-ATDw6-ppRC9K3tqqtZsfj6Y', 'Android', '2024-08-12 03:14:41', '2024-08-15 06:07:42'),
(140, '000009', '3', 'Hardik', '', NULL, NULL, NULL, NULL, 91, '7317317317', NULL, NULL, NULL, NULL, NULL, NULL, 'NK', NULL, NULL, 1, NULL, NULL, NULL, '20240812101253.jpg', 0, NULL, NULL, NULL, '$2y$12$o4jI2sEWALFko.hixzUxG.WBCUM4KRvjR0XIb64K2AIoAeVY5Mxca', '175|zXzI4xCSPGBg1XzVGtcr0eHiIJ4kmRmkLASlEQR324c12523', 'dLs0a2IFQxeovCWuO8uoHC:APA91bEdGMQElih172os86uUlunV1IE46DldHgHPqS8zYquSZZDNwi83HRaCYvBsDYAwEVRUoQFM2zDLhricM9zHtsDx81EPwOHqbTiD_RiSqbkoJm7R6Vy4DKzJb8DpIvAObHZlXTFQ', 'Android', '2024-08-12 04:31:59', '2024-08-12 04:42:53'),
(141, '000010', '3', 'Raju', '', NULL, NULL, NULL, NULL, 91, '7990940162', NULL, NULL, NULL, NULL, NULL, NULL, 'Upleta', NULL, NULL, 1, NULL, NULL, NULL, NULL, 1, NULL, NULL, NULL, '$2y$12$Fb/HGfJPZgRj3iJBl1f3iOnIPFZxNvdI8dG5Y7Fk/Y.0SBCKA0356', NULL, NULL, 'Android', '2024-08-12 05:08:40', '2024-08-12 05:08:40'),
(143, '000012', '3', 'Tushar', '', NULL, NULL, NULL, NULL, 91, '9998355745', NULL, NULL, NULL, NULL, NULL, NULL, 'Dhoraji', NULL, NULL, 1, NULL, NULL, NULL, NULL, 1, NULL, NULL, NULL, '$2y$12$vGFmJPJ8XmlDGPy7e4HqAOPti7tUauSFD3EJTPk0ZZI6dgeyokZNu', NULL, NULL, 'Android', '2024-08-12 05:13:11', '2024-08-12 05:13:11'),
(144, '000013', '3', 'Pritesh', 'patel', NULL, NULL, NULL, NULL, 91, '8825536911', NULL, NULL, NULL, NULL, NULL, NULL, 'Rajkot', NULL, NULL, 1, NULL, NULL, NULL, NULL, 1, NULL, NULL, NULL, '$2y$12$L1o0tunhixLEx3k8vSEEp.m6E6qtFvR45dIpNmgJqa5g6wIm.l1nK', NULL, NULL, 'Android', '2024-08-13 03:14:54', '2024-08-13 03:14:54'),
(145, '000014', '3', 'Rajesh', '', NULL, NULL, NULL, NULL, 91, '8825533699', NULL, NULL, NULL, NULL, NULL, NULL, 'Ahmedabad', NULL, NULL, 1, NULL, NULL, NULL, NULL, 1, NULL, NULL, NULL, '$2y$12$yT3Awd7GvGuhVkpe37aFM.2N5MUnh4TVJ.p51uE6KD2NvH0KUh.la', NULL, NULL, 'Android', '2024-08-13 03:16:49', '2024-08-13 03:16:49'),
(146, '000015', '3', 'Arjun', '', NULL, NULL, NULL, NULL, 91, '8823311477', NULL, NULL, NULL, NULL, NULL, NULL, 'Junagarh', NULL, NULL, 1, NULL, NULL, NULL, NULL, 1, NULL, NULL, NULL, '$2y$12$jw2nKRsp1hhEhWugQT9GeeUH6t7fSy5MMwWBI/jlhq7IzZlwNo.y6', NULL, NULL, 'Android', '2024-08-13 03:18:31', '2024-08-13 03:18:31'),
(147, '000016', '3', 'Hitesh', '', NULL, NULL, NULL, NULL, 91, '8882553314', NULL, NULL, NULL, NULL, NULL, NULL, 'Ahmedabad', NULL, NULL, 1, NULL, NULL, NULL, NULL, 1, NULL, NULL, NULL, '$2y$12$.j1bkfoHa4EhwzFIPnAZcuPliHgvNjOwsT1jQLPYWCYE87vxPxzM.', NULL, NULL, 'Android', '2024-08-13 05:04:12', '2024-08-13 05:04:12'),
(148, '000017', '3', 'Mangesh', 'Matre', NULL, NULL, NULL, NULL, 91, '8825533690', NULL, NULL, NULL, NULL, NULL, NULL, 'Rajkot', NULL, NULL, 1, NULL, NULL, NULL, NULL, 1, NULL, NULL, NULL, '$2y$12$wUhota.2CMiKcS1I9tci2e.9qJHpMJYMAEmzLPXs4njO2bpKTNKQ2', NULL, NULL, 'Android', '2024-08-13 05:39:25', '2024-08-13 05:39:25'),
(149, '000018', '2', 'Gaurav', 'Soni', 'Sangita Jewellers', 'gaurav.8022@gmail.com', NULL, NULL, 91, '9898802280', NULL, 'ADRR5115H', 'GSTINTest12345', 'E-998', '667373', 'Vadodara', 'Vadodara', 'Gujarat', NULL, 1, NULL, NULL, NULL, '20240813112136.png', 1, NULL, NULL, NULL, '$2y$12$wd2esKm7k.wz3LoaBJUNtu9PSKPgB/4RYtVF149f/p0/XYfHIk.sm', NULL, NULL, 'Android', '2024-08-13 05:51:36', '2024-08-13 05:51:36'),
(150, '000019', '2', 'Dhaval', 'Soni', 'NK Jewellers', 'dhaval@gmail.com', NULL, NULL, 91, '7600419219', NULL, 'AWD5443H', 'GSTINTs12', 'E-998', '737389', 'Vadodara', 'Vadodara', 'Gujarat', NULL, 1, NULL, NULL, NULL, '20240813112351.png', 1, NULL, NULL, NULL, '$2y$12$WL7F.feCCe8RELmF6ajAoulRTA3A4fdgm4U1ffz8YaZO2rDQ/28M2', NULL, NULL, 'Android', '2024-08-13 05:53:51', '2024-08-13 05:53:51'),
(151, '000020', '3', 'Akshit', 'Bhatt', NULL, NULL, NULL, NULL, 91, '9712290309', NULL, NULL, NULL, NULL, NULL, NULL, 'Ahmedabad', NULL, NULL, 1, NULL, NULL, NULL, NULL, 1, NULL, NULL, NULL, '$2y$12$25G.uJqmsAwKLMUd.bp9teiVNdqK.W6N0HAQ9LVYzD6uKt2HNR.Si', NULL, NULL, 'Android', '2024-08-13 06:11:19', '2024-08-13 06:11:19'),
(152, '000021', '3', 'Ravi', 'Raj', NULL, 'Raviraj@gmail.com', NULL, NULL, 91, '7567300096', NULL, NULL, NULL, 'E 112', '362588', 'Nirnay nagar', 'Rajkot', 'Gujarat', NULL, 1, NULL, NULL, NULL, '20240813115348.png', 0, NULL, NULL, NULL, '$2y$12$Ltxj/gKItQ8Y6dYgFwgiXOiiap/pH/mfzFJivaQj0Bs3cOzGpUVDO', '223|GU4nxmGQZ3kzE8nCrVP63E4BJ8sG2FLFiqbYKDsSa94280d8', 'frSFDy4ZRMS_w314woVGxO:APA91bH4c2OOGzLsx0MxB0pabHZ0rDlNKOAcEdN2pQ9auNnKcYskwDUEp_necnXlko8lZZF6AAh5EJMiunqQcne98EvsrNKGyzTr8YvguK_dwIds30Ip-ATDw6-ppRC9K3tqqtZsfj6Y', 'Android', '2024-08-13 06:19:06', '2024-08-15 06:11:48'),
(153, '000022', '2', 'Chirag', 'Limbachiya', 'Headway', 'chirag.limbachiya@headway.org.in', NULL, NULL, 91, '8347300096', '3492', 'AWSRR4332H', 'GST1234567', 'R-118', '348477', 'Ahmedabad', 'Ahmedabad', 'Gujarat', '2024-08-13 07:27:32', 1, NULL, NULL, NULL, '20240813123045.png', 1, NULL, NULL, NULL, '$2y$12$72tSmZypQFiAnPUBILAd/uZW4mkEdNf4USQp5ia6hnLth4Ms5F9t2', NULL, NULL, 'Android', '2024-08-13 07:00:45', '2024-08-13 07:12:32'),
(154, '000023', '2', 'ios', 'test', 'ios store', 'ios@test.com', NULL, NULL, 91, '1414141414', '4646', 'bysss7238', 'ajdjasdgad6a7d678ad8', 'A,322', '31231313', 'sa', 'sa', 'sa', '2024-08-13 07:21:10', 0, NULL, NULL, NULL, '20240813123542.jpg', 1, NULL, NULL, NULL, '$2y$12$M5PmaajbiXe7WmBaII1YleoCh5VPxAwtmGOwTpR9bM67wrc0Ymcxa', NULL, NULL, 'Android', '2024-08-13 07:05:42', '2024-08-13 07:06:38'),
(155, '000024', '2', 'ios', 'test', 'ios store', 'ios@test.com', NULL, NULL, 91, '7874600096', NULL, 'bysss7238', 'ajdjasdgad6a7d678ad8', 'A,322', '31231313', 'sa', 'sa', 'sa', NULL, 1, NULL, NULL, NULL, '20240813123803.jpg', 0, NULL, NULL, NULL, '$2y$12$vMDJrz6kk5D2mTFpFfj0aesqik8hIbgD96JyqKrXUDP4pbzwRw2hi', '218|VxPlIDohUcZ5HWs829umDuullfxTvUpPnHKcCK2qd270ebac', 'no token', 'IOS', '2024-08-13 07:08:04', '2024-08-15 04:11:53');

-- --------------------------------------------------------

--
-- Table structure for table `user_devices`
--

CREATE TABLE `user_devices` (
  `id` int(11) NOT NULL,
  `user_id` int(11) NOT NULL,
  `device_token` varchar(255) NOT NULL,
  `login_token` varchar(255) DEFAULT NULL,
  `device_type` enum('Android','IOS') NOT NULL,
  `status` tinyint(4) NOT NULL DEFAULT 1,
  `created_at` datetime NOT NULL DEFAULT current_timestamp(),
  `updated_at` datetime DEFAULT NULL
) ENGINE=InnoDB DEFAULT CHARSET=utf8mb4 COLLATE=utf8mb4_general_ci;

--
-- Dumping data for table `user_devices`
--

INSERT INTO `user_devices` (`id`, `user_id`, `device_token`, `login_token`, `device_type`, `status`, `created_at`, `updated_at`) VALUES
(169, 139, 'fBCgEo-9ReiikRRG-ba--N:APA91bFZfnyb6udgJ8xswncB-qd8AyMXbhhCdp4UmnCrOPPIbN3jRtmGOKjO5Xavn5GH3qpMOgQtNQz4DG9j5ZLb_-IE8v-nndvHTsFTrF_YAxRpIGtWkGfiZ2jDgUuEuytxMRUQFqH-', '214|zRYMhwfBNqe8kxJWBU2ug4OikyIELRy7K4vUURC6d852f892216|SL77pkKQwvJiqg8KuyJodnkBFKYowDeTGLNoIHut374c18d8', 'Android', 1, '2024-08-14 11:14:40', NULL),
(170, 125, 'cMkfMCJmSVik7owBnnGxEV:APA91bG3mnFC-wGz6YcS9ek6eVeKSBxpnUwIZLe0ayNRhZgU4GRJKesSurVIItFjVkGanC8Wdt1koC3U7mORiCiQnQmFjCsvupXLPpg-FjVwgplqsIyb8AZQ2Ki305unlfIxNx3rQwPD', '216|SL77pkKQwvJiqg8KuyJodnkBFKYowDeTGLNoIHut374c18d8', 'Android', 0, '2024-08-14 12:04:52', '2024-08-14 10:16:47'),
(171, 152, '', '216|SL77pkKQwvJiqg8KuyJodnkBFKYowDeTGLNoIHut374c18d8', 'Android', 0, '2024-08-14 15:47:58', '2024-08-14 11:02:57'),
(172, 125, 'cMkfMCJmSVik7owBnnGxEV:APA91bG3mnFC-wGz6YcS9ek6eVeKSBxpnUwIZLe0ayNRhZgU4GRJKesSurVIItFjVkGanC8Wdt1koC3U7mORiCiQnQmFjCsvupXLPpg-FjVwgplqsIyb8AZQ2Ki305unlfIxNx3rQwPD', '217|OisMfrzR4AuyJMHyVMbbXeyAOmx4nSunU90BEdujb3eb350b', 'Android', 1, '2024-08-14 16:33:16', NULL),
(173, 155, '', '218|VxPlIDohUcZ5HWs829umDuullfxTvUpPnHKcCK2qd270ebac', 'IOS', 0, '2024-08-15 15:11:53', '2024-08-15 09:57:44'),
(174, 125, '', '219|BIc55ohshJi0Ce2bBRcpEsOXmsP1MbeZ3sZoCeODbc11a61f', 'Android', 0, '2024-08-15 16:20:30', '2024-08-15 10:50:38'),
(175, 125, 'egljyx_QSRaSHbTgkhTMz2:APA91bHrVH3f6KRqWveBGlyEAf8P9P9_kU1qF1Ux-Qcyy2vX4LoRS8plvSfvOLV9eK6AtX6Ssa6ywscHVjpaoSkIhukBSvZVeTqP9bWSeQ6V2eerstZcJcFhT1oDl4Ejzd3zvwIAHFzu', '220|EZww9fHnw3KzMpqPs37IrkkRKGmxVooOVMgqaGh8a0e08390', 'Android', 1, '2024-08-15 16:20:53', NULL),
(176, 125, '', '221|SXJOcRg6Hx3F9th01usF0o4Bdmdmn865HgRB818md60491a3', 'Android', 0, '2024-08-15 16:43:48', '2024-08-15 11:36:06'),
(177, 139, '', '222|rMGLC5KLyQsQuZNSVNVOANyJkUylgAhOVHuKHA6Z3056dc91', 'Android', 0, '2024-08-15 17:07:42', '2024-08-15 11:40:47'),
(178, 152, '', '223|GU4nxmGQZ3kzE8nCrVP63E4BJ8sG2FLFiqbYKDsSa94280d8', 'Android', 0, '2024-08-15 17:11:48', '2024-08-15 11:57:20'),
(179, 125, '', '224|BRrXXLbwIvkDnzkfx8aSllLo4g7UH0CisWdFs9G07c0ebd9f', 'Android', 0, '2024-08-15 17:56:32', '2024-08-15 12:26:50');

-- --------------------------------------------------------

--
-- Table structure for table `winners`
--

CREATE TABLE `winners` (
  `id` int(11) NOT NULL,
  `user_id` int(11) NOT NULL,
  `customer_id` int(11) NOT NULL,
  `prize_id` int(11) DEFAULT NULL,
  `event_id` int(11) DEFAULT NULL,
  `coupon_number` varchar(100) NOT NULL,
  `status` tinyint(4) NOT NULL DEFAULT 1,
  `created_at` datetime NOT NULL DEFAULT current_timestamp(),
  `updated_at` datetime DEFAULT NULL
) ENGINE=InnoDB DEFAULT CHARSET=utf8mb4 COLLATE=utf8mb4_general_ci;

--
-- Dumping data for table `winners`
--

INSERT INTO `winners` (`id`, `user_id`, `customer_id`, `prize_id`, `event_id`, `coupon_number`, `status`, `created_at`, `updated_at`) VALUES
(1, 7, 76, 1, 1, '00052', 1, '2024-08-09 11:16:58', NULL);

--
-- Indexes for dumped tables
--

--
-- Indexes for table `asset_orders`
--
ALTER TABLE `asset_orders`
  ADD PRIMARY KEY (`id`);

--
-- Indexes for table `assign_coupons`
--
ALTER TABLE `assign_coupons`
  ADD PRIMARY KEY (`id`);

--
-- Indexes for table `assign_customer_coupons`
--
ALTER TABLE `assign_customer_coupons`
  ADD PRIMARY KEY (`id`);

--
-- Indexes for table `banners`
--
ALTER TABLE `banners`
  ADD PRIMARY KEY (`id`);

--
-- Indexes for table `bills`
--
ALTER TABLE `bills`
  ADD PRIMARY KEY (`id`);

--
-- Indexes for table `chatmessages`
--
ALTER TABLE `chatmessages`
  ADD PRIMARY KEY (`id`);

--
-- Indexes for table `chat_list`
--
ALTER TABLE `chat_list`
  ADD PRIMARY KEY (`id`);

--
-- Indexes for table `cms`
--
ALTER TABLE `cms`
  ADD PRIMARY KEY (`id`);

--
-- Indexes for table `contactus`
--
ALTER TABLE `contactus`
  ADD PRIMARY KEY (`id`);

--
-- Indexes for table `coupons`
--
ALTER TABLE `coupons`
  ADD PRIMARY KEY (`id`);

--
-- Indexes for table `coupons_order`
--
ALTER TABLE `coupons_order`
  ADD PRIMARY KEY (`id`);

--
-- Indexes for table `documents`
--
ALTER TABLE `documents`
  ADD PRIMARY KEY (`id`);

--
-- Indexes for table `events`
--
ALTER TABLE `events`
  ADD PRIMARY KEY (`id`);

--
-- Indexes for table `event_details`
--
ALTER TABLE `event_details`
  ADD PRIMARY KEY (`id`);

--
-- Indexes for table `failed_jobs`
--
ALTER TABLE `failed_jobs`
  ADD PRIMARY KEY (`id`),
  ADD UNIQUE KEY `failed_jobs_uuid_unique` (`uuid`);

--
-- Indexes for table `migrations`
--
ALTER TABLE `migrations`
  ADD PRIMARY KEY (`id`);

--
-- Indexes for table `notices`
--
ALTER TABLE `notices`
  ADD PRIMARY KEY (`id`);

--
-- Indexes for table `oauth_access_tokens`
--
ALTER TABLE `oauth_access_tokens`
  ADD PRIMARY KEY (`id`),
  ADD KEY `oauth_access_tokens_user_id_index` (`user_id`);

--
-- Indexes for table `oauth_auth_codes`
--
ALTER TABLE `oauth_auth_codes`
  ADD PRIMARY KEY (`id`),
  ADD KEY `oauth_auth_codes_user_id_index` (`user_id`);

--
-- Indexes for table `oauth_clients`
--
ALTER TABLE `oauth_clients`
  ADD PRIMARY KEY (`id`),
  ADD KEY `oauth_clients_user_id_index` (`user_id`);

--
-- Indexes for table `oauth_personal_access_clients`
--
ALTER TABLE `oauth_personal_access_clients`
  ADD PRIMARY KEY (`id`);

--
-- Indexes for table `oauth_refresh_tokens`
--
ALTER TABLE `oauth_refresh_tokens`
  ADD PRIMARY KEY (`id`),
  ADD KEY `oauth_refresh_tokens_access_token_id_index` (`access_token_id`);

--
-- Indexes for table `password_resets`
--
ALTER TABLE `password_resets`
  ADD KEY `password_resets_email_index` (`email`);

--
-- Indexes for table `password_reset_tokens`
--
ALTER TABLE `password_reset_tokens`
  ADD PRIMARY KEY (`email`);

--
-- Indexes for table `personal_access_tokens`
--
ALTER TABLE `personal_access_tokens`
  ADD PRIMARY KEY (`id`),
  ADD UNIQUE KEY `personal_access_tokens_token_unique` (`token`),
  ADD KEY `personal_access_tokens_tokenable_type_tokenable_id_index` (`tokenable_type`,`tokenable_id`);

--
-- Indexes for table `prizes`
--
ALTER TABLE `prizes`
  ADD PRIMARY KEY (`id`);

--
-- Indexes for table `rewards`
--
ALTER TABLE `rewards`
  ADD PRIMARY KEY (`id`);

--
-- Indexes for table `roles_permission_descriptions`
--
ALTER TABLE `roles_permission_descriptions`
  ADD PRIMARY KEY (`id`);

--
-- Indexes for table `roles_permission_names`
--
ALTER TABLE `roles_permission_names`
  ADD PRIMARY KEY (`id`);

--
-- Indexes for table `seller_coupons`
--
ALTER TABLE `seller_coupons`
  ADD PRIMARY KEY (`id`);

--
-- Indexes for table `slabs`
--
ALTER TABLE `slabs`
  ADD PRIMARY KEY (`id`);

--
-- Indexes for table `social_links`
--
ALTER TABLE `social_links`
  ADD PRIMARY KEY (`id`);

--
-- Indexes for table `users`
--
ALTER TABLE `users`
  ADD PRIMARY KEY (`id`),
  ADD UNIQUE KEY `phone_number` (`phone_number`);

--
-- Indexes for table `user_devices`
--
ALTER TABLE `user_devices`
  ADD PRIMARY KEY (`id`);

--
-- Indexes for table `winners`
--
ALTER TABLE `winners`
  ADD PRIMARY KEY (`id`);

--
-- AUTO_INCREMENT for dumped tables
--

--
-- AUTO_INCREMENT for table `asset_orders`
--
ALTER TABLE `asset_orders`
  MODIFY `id` int(11) NOT NULL AUTO_INCREMENT;

--
-- AUTO_INCREMENT for table `assign_coupons`
--
ALTER TABLE `assign_coupons`
  MODIFY `id` int(11) NOT NULL AUTO_INCREMENT, AUTO_INCREMENT=3;

--
-- AUTO_INCREMENT for table `assign_customer_coupons`
--
ALTER TABLE `assign_customer_coupons`
  MODIFY `id` int(11) NOT NULL AUTO_INCREMENT, AUTO_INCREMENT=404;

--
-- AUTO_INCREMENT for table `banners`
--
ALTER TABLE `banners`
  MODIFY `id` int(11) NOT NULL AUTO_INCREMENT, AUTO_INCREMENT=211;

--
-- AUTO_INCREMENT for table `bills`
--
ALTER TABLE `bills`
  MODIFY `id` int(11) NOT NULL AUTO_INCREMENT, AUTO_INCREMENT=31;

--
-- AUTO_INCREMENT for table `chatmessages`
--
ALTER TABLE `chatmessages`
  MODIFY `id` int(11) NOT NULL AUTO_INCREMENT, AUTO_INCREMENT=207;

--
-- AUTO_INCREMENT for table `chat_list`
--
ALTER TABLE `chat_list`
  MODIFY `id` int(11) NOT NULL AUTO_INCREMENT, AUTO_INCREMENT=81;

--
-- AUTO_INCREMENT for table `cms`
--
ALTER TABLE `cms`
  MODIFY `id` int(11) NOT NULL AUTO_INCREMENT, AUTO_INCREMENT=7;

--
-- AUTO_INCREMENT for table `contactus`
--
ALTER TABLE `contactus`
  MODIFY `id` int(11) NOT NULL AUTO_INCREMENT, AUTO_INCREMENT=9;

--
-- AUTO_INCREMENT for table `coupons`
--
ALTER TABLE `coupons`
  MODIFY `id` int(11) NOT NULL AUTO_INCREMENT, AUTO_INCREMENT=2;

--
-- AUTO_INCREMENT for table `coupons_order`
--
ALTER TABLE `coupons_order`
  MODIFY `id` int(11) NOT NULL AUTO_INCREMENT, AUTO_INCREMENT=6;

--
-- AUTO_INCREMENT for table `documents`
--
ALTER TABLE `documents`
  MODIFY `id` int(11) NOT NULL AUTO_INCREMENT, AUTO_INCREMENT=31;

--
-- AUTO_INCREMENT for table `events`
--
ALTER TABLE `events`
  MODIFY `id` int(11) NOT NULL AUTO_INCREMENT, AUTO_INCREMENT=15;

--
-- AUTO_INCREMENT for table `event_details`
--
ALTER TABLE `event_details`
  MODIFY `id` int(11) NOT NULL AUTO_INCREMENT, AUTO_INCREMENT=7;

--
-- AUTO_INCREMENT for table `failed_jobs`
--
ALTER TABLE `failed_jobs`
  MODIFY `id` bigint(20) UNSIGNED NOT NULL AUTO_INCREMENT;

--
-- AUTO_INCREMENT for table `migrations`
--
ALTER TABLE `migrations`
  MODIFY `id` int(10) UNSIGNED NOT NULL AUTO_INCREMENT, AUTO_INCREMENT=13;

--
-- AUTO_INCREMENT for table `notices`
--
ALTER TABLE `notices`
  MODIFY `id` int(11) NOT NULL AUTO_INCREMENT, AUTO_INCREMENT=3;

--
-- AUTO_INCREMENT for table `oauth_clients`
--
ALTER TABLE `oauth_clients`
  MODIFY `id` bigint(20) UNSIGNED NOT NULL AUTO_INCREMENT, AUTO_INCREMENT=3;

--
-- AUTO_INCREMENT for table `oauth_personal_access_clients`
--
ALTER TABLE `oauth_personal_access_clients`
  MODIFY `id` bigint(20) UNSIGNED NOT NULL AUTO_INCREMENT, AUTO_INCREMENT=2;

--
-- AUTO_INCREMENT for table `personal_access_tokens`
--
ALTER TABLE `personal_access_tokens`
  MODIFY `id` bigint(20) UNSIGNED NOT NULL AUTO_INCREMENT, AUTO_INCREMENT=225;

--
-- AUTO_INCREMENT for table `prizes`
--
ALTER TABLE `prizes`
  MODIFY `id` int(11) NOT NULL AUTO_INCREMENT, AUTO_INCREMENT=4;

--
-- AUTO_INCREMENT for table `rewards`
--
ALTER TABLE `rewards`
  MODIFY `id` int(11) NOT NULL AUTO_INCREMENT;

--
-- AUTO_INCREMENT for table `roles_permission_descriptions`
--
ALTER TABLE `roles_permission_descriptions`
  MODIFY `id` bigint(20) UNSIGNED NOT NULL AUTO_INCREMENT;

--
-- AUTO_INCREMENT for table `roles_permission_names`
--
ALTER TABLE `roles_permission_names`
  MODIFY `id` bigint(20) UNSIGNED NOT NULL AUTO_INCREMENT, AUTO_INCREMENT=5;

--
-- AUTO_INCREMENT for table `seller_coupons`
--
ALTER TABLE `seller_coupons`
  MODIFY `id` int(11) NOT NULL AUTO_INCREMENT, AUTO_INCREMENT=501;

--
-- AUTO_INCREMENT for table `slabs`
--
ALTER TABLE `slabs`
  MODIFY `id` int(11) NOT NULL AUTO_INCREMENT, AUTO_INCREMENT=12;

--
-- AUTO_INCREMENT for table `social_links`
--
ALTER TABLE `social_links`
  MODIFY `id` int(11) NOT NULL AUTO_INCREMENT, AUTO_INCREMENT=6;

--
-- AUTO_INCREMENT for table `users`
--
ALTER TABLE `users`
  MODIFY `id` bigint(20) UNSIGNED NOT NULL AUTO_INCREMENT, AUTO_INCREMENT=172;

--
-- AUTO_INCREMENT for table `user_devices`
--
ALTER TABLE `user_devices`
  MODIFY `id` int(11) NOT NULL AUTO_INCREMENT, AUTO_INCREMENT=180;

--
-- AUTO_INCREMENT for table `winners`
--
ALTER TABLE `winners`
  MODIFY `id` int(11) NOT NULL AUTO_INCREMENT, AUTO_INCREMENT=2;
COMMIT;

/*!40101 SET CHARACTER_SET_CLIENT=@OLD_CHARACTER_SET_CLIENT */;
/*!40101 SET CHARACTER_SET_RESULTS=@OLD_CHARACTER_SET_RESULTS */;
/*!40101 SET COLLATION_CONNECTION=@OLD_COLLATION_CONNECTION */;
